"","ANXDEP1","ANXDEP2","ANXDEP3","ANXDEP4","ANXDEP5","ANXDEP6","ANXDEP7","ANXDEP8","ANXDEP9","ANXDEP10","ANXDEP11","ANXDEP12","ANXDEP13","WITHDEP1","WITHDEP2","WITHDEP3","WITHDEP4","WITHDEP5","WITHDEP6","WITHDEP7","WITHDEP8","SOMATIC1","SOMATIC2","SOMATIC3","SOMATIC4","SOMATIC5","SOMATIC6","SOMATIC7","SOMATIC8","SOMATIC9","SOMATIC10","SOMATIC11","SOCIAL1","SOCIAL2","SOCIAL3","SOCIAL4","SOCIAL5","SOCIAL6","SOCIAL7","SOCIAL8","SOCIAL9","SOCIAL10","SOCIAL11","THOUGHT1","THOUGHT2","THOUGHT3","THOUGHT4","THOUGHT5","THOUGHT6","THOUGHT7","THOUGHT8","THOUGHT9","THOUGHT10","THOUGHT11","THOUGHT12","THOUGHT13","THOUGHT14","THOUGHT15","ATTENT1","ATTENT2","ATTENT3","ATTENT4","ATTENT5","ATTENT6","ATTENT7","ATTENT8","ATTENT9","ATTENT10","ATTENT11","RULE_BR1","RULE_BR2","RULE_BR3","RULE_BR4","RULE_BR5","RULE_BR6","RULE_BR7","RULE_BR8","RULE_BR9","RULE_BR10","RULE_BR11","RULE_BR12","RULE_BR13","RULE_BR14","RULE_BR15","RULE_BR16","RULE_BR17","RULE_BR18","AGGRESS1","AGGRESS2","AGGRESS3","AGGRESS4","AGGRESS5","AGGRESS6","AGGRESS7","AGGRESS8","AGGRESS9","AGGRESS10","AGGRESS11","AGGRESS12","AGGRESS13","AGGRESS14","AGGRESS15","AGGRESS16","AGGRESS17","AGGRESS18"
"ANXDEP1",0,-0.086,-0.081,-0.128,-0.067,-0.082,-0.154,-0.118,-0.1,-0.068,-0.097,-0.171,-0.116,-0.034,-0.07,-0.008,-0.037,0.017,-0.054,0.021,-0.08,-0.025,-0.013,-0.009,0.008,-0.038,-0.031,-0.056,0.028,-0.026,-0.017,-0.033,0.158,0.132,-0.008,0.1,0.06,0.064,0.079,-0.002,-0.011,0.067,0.02,0.013,0.01,0.005,-0.015,-0.026,-0.012,-0.117,0.005,-0.015,-0.025,0.003,0.049,-0.027,0.004,-0.021,0.09,0.024,-0.019,-0.023,0.014,0.146,0.006,-0.049,-0.015,-0.045,0.021,-0.084,-0.006,-0.031,-0.032,0.032,-0.026,0.071,-0.004,0.052,0.011,-0.001,-0.009,0.055,0.086,0.012,0.054,-0.77,-0.025,0.087,-0.014,0.112,0.057,0.018,0.009,-0.04,0.023,-0.016,0.203,0.026,0.142,0.152,0.06,-0.01,0.107,-0.023,0.061
"ANXDEP2",-0.086,0,0.024,0.056,0.016,-0.186,-0.122,-0.002,0.152,-0.026,0.004,-0.123,0.027,-0.08,-0.043,0.011,-0.005,0.147,-0.024,-0.063,0.004,0.082,0.036,0.027,0,0.027,-0.009,-0.004,0.045,0.051,-0.006,0.003,0.177,0.047,-0.073,0.004,-0.011,-0.01,-0.003,-0.034,0.016,0.05,0.019,0.077,-0.016,0.085,0.053,-0.003,0.003,0.002,0.047,0.04,0.027,0.068,0.003,0.024,0.011,0.057,0.018,-0.023,-0.022,-0.04,-0.039,0.052,0.027,-0.032,-0.028,-0.036,0.054,0.176,-0.055,-0.042,-0.035,-0.028,0.038,0.01,-0.081,0.04,-0.108,-0.072,-0.032,0.068,0.046,-0.021,0.025,0.346,-0.062,-0.058,-0.076,0.017,-0.038,-0.071,-0.048,-0.079,-0.073,-0.063,-0.005,-0.008,0.021,0.034,0.052,-0.02,-0.016,-0.054,-0.013
"ANXDEP3",-0.081,0.024,0,0.074,0.037,-0.109,-0.025,-0.113,-0.012,-0.015,-0.033,-0.039,-0.012,-0.021,0.042,0.023,-0.034,0.105,-0.003,0.053,0.031,0.017,0.065,0.026,-0.016,-0.001,0.009,0.059,0.062,-0.017,0.065,0.058,0.103,0.132,0.04,-0.035,0.136,-0.052,0.198,0.102,-0.038,0.034,0.039,0.074,0.188,-0.005,0.023,-0.02,0.078,-0.029,0.002,0.03,0.04,-0.029,0.002,0.018,-0.019,0.079,-0.001,-0.046,-0.121,-0.058,-0.072,0.035,0.003,-0.091,0.073,-0.071,0.016,0.252,-0.119,-0.08,-0.042,-0.116,0,0.127,0.015,0.012,-0.1,-0.067,0.028,0.051,0.031,0.166,0.28,0.449,-0.062,-0.049,-0.087,0.022,-0.035,-0.047,-0.096,-0.018,0.045,-0.005,-0.014,-0.018,0.038,0.04,0.036,-0.084,-0.022,-0.061,-0.035
"ANXDEP4",-0.128,0.056,0.074,0,0.228,-0.08,0.015,-0.061,0.014,0.182,0.003,-0.045,0.039,-0.043,-0.025,-0.036,-0.026,0.016,-0.083,0.01,-0.061,0.017,-0.002,0.06,-0.039,-0.024,0.008,-0.031,0.012,0.026,-0.054,-0.042,0.065,0.076,-0.036,0.004,0.146,-0.046,-0.022,-0.011,-0.033,0.048,0.018,0.099,0.177,0.065,0.011,0.028,0.03,-0.154,0.004,-0.009,-0.029,0.025,-0.004,0.008,0.008,0.007,-0.014,-0.03,0.005,-0.065,-0.056,0.072,0.04,-0.036,-0.011,-0.045,0.034,-0.01,-0.078,-0.083,-0.006,-0.049,0.025,0.044,-0.044,-0.031,-0.069,-0.063,-0.024,-0.053,0.003,0.091,0.036,0.246,-0.018,-0.073,-0.022,0.028,-0.004,-0.059,-0.105,-0.078,-0.069,-0.063,-0.021,-0.044,0.055,0.047,0.058,-0.01,-0.028,0.002,-0.03
"ANXDEP5",-0.067,0.016,0.037,0.228,0,0.033,0.116,0.019,0.08,0.233,0.138,-0.043,0.173,-0.067,0.036,-0.019,0.013,0.073,-0.061,0.044,-0.009,-0.016,0.053,0.012,-0.005,0.037,-0.003,0.035,-0.022,0.013,0.029,-0.074,0.027,0.083,-0.087,0.083,0.104,0.002,-0.018,-0.055,-0.042,-0.008,-0.088,0.061,0.053,-0.047,-0.006,0.015,0.009,-0.05,-0.033,-0.089,0.012,0.058,-0.074,-0.04,0.012,0.024,-0.1,-0.093,0.046,-0.174,-0.125,-0.045,0.03,-0.103,-0.203,-0.14,-0.037,-0.035,-0.114,-0.178,-0.109,-0.149,0.083,-0.015,-0.123,-0.269,-0.173,-0.146,-0.109,-0.083,-0.061,-0.057,0.009,0.073,-0.207,-0.021,-0.11,0.036,-0.121,-0.143,-0.12,-0.223,-0.148,-0.106,-0.043,0.05,0.066,0.09,0.012,-0.062,-0.009,-0.127,-0.044
"ANXDEP6",-0.082,-0.186,-0.109,-0.08,0.033,0,0.068,-0.202,-0.196,-0.109,-0.12,0.006,-0.139,0.028,-0.069,-0.062,-0.092,-0.068,-0.077,0.052,-0.071,-0.089,-0.016,-0.029,-0.024,-0.052,-0.059,-0.084,-0.03,-0.06,-0.064,-0.123,0.027,0.183,0.011,0.149,0.22,-0.022,0.027,0.018,-0.079,-0.033,-0.049,-0.001,0.142,-0.037,-0.061,-0.03,-0.034,-0.033,-0.066,-0.035,0.008,-0.011,-0.057,-0.048,-0.074,0.019,0.049,-0.006,0.001,-0.079,-0.068,-0.013,-0.048,-0.006,-0.012,-0.082,-0.044,0.034,0.053,0.019,-0.018,0.033,-0.001,0.135,-0.018,-0.03,0.034,0.002,0.065,0.037,0.014,-0.032,0.042,-0.786,-0.005,0.113,0.071,0.11,0.037,0.059,0.073,-0.048,-0.019,0.064,0.111,0.087,0.138,0.17,0.097,0.03,0.117,0.062,0.026
"ANXDEP7",-0.154,-0.122,-0.025,0.015,0.116,0.068,0,-0.166,-0.084,0.052,-0.023,0.034,-0.031,0.008,-0.011,-0.081,-0.079,-0.028,-0.034,0.124,-0.027,-0.048,0.025,-0.037,-0.048,-0.019,-0.026,-0.028,-0.057,-0.058,-0.039,-0.099,-0.032,0.162,0.009,0.034,0.184,-0.001,0.076,0.042,-0.01,0.014,0.006,0.02,0.194,-0.004,-0.029,0.004,0.008,-0.028,-0.087,-0.076,-0.014,-0.02,-0.067,-0.023,-0.024,0.022,0.071,0.022,-0.043,-0.038,-0.054,0.03,0.058,0.023,0.037,-0.007,0.012,-0.02,-0.078,-0.047,-0.063,-0.045,-0.036,0.133,-0.01,-0.013,-0.023,-0.053,0.011,0.032,0.031,-0.017,0.026,-0.782,-0.08,0.003,-0.04,0.027,-0.046,-0.064,-0.036,-0.077,-0.078,-0.029,-0.025,0.058,0.101,0.153,0.037,-0.033,0.024,-0.014,-0.01
"ANXDEP8",-0.118,-0.002,-0.113,-0.061,0.019,-0.202,-0.166,0,0.119,-0.026,-0.066,-0.175,0.043,-0.078,-0.025,-0.053,-0.042,0.051,-0.086,-0.033,-0.07,0.034,0.054,0.015,-0.054,-0.05,-0.035,-0.053,-0.056,-0.008,-0.024,-0.114,0.075,0.017,-0.047,0.006,0.007,-0.018,-0.031,-0.014,-0.003,-0.013,0.002,0.091,0.028,-0.085,0.287,0.034,0.007,-0.001,0.064,-0.035,0.071,-0.001,0.026,-0.001,0.016,0.115,0.014,-0.01,-0.029,-0.043,0.03,0.081,0.037,0.007,-0.019,-0.027,0.03,0.011,-0.02,-0.051,-0.035,-0.039,-0.007,0.055,-0.008,0.03,-0.047,-0.046,-0.004,0.025,-0.011,-0.106,0.031,-0.814,-0.037,-0.005,-0.07,0.06,-0.008,-0.06,-0.043,-0.076,-0.05,-0.061,0.046,0.044,0.067,0.074,0.11,-0.036,0.034,-0.055,0.041
"ANXDEP9",-0.1,0.152,-0.012,0.014,0.08,-0.196,-0.084,0.119,0,0.075,-0.002,-0.157,0.161,-0.086,-0.042,-0.041,-0.101,0.132,-0.038,-0.021,-0.029,0.063,0.04,0.075,-0.022,-0.024,-0.011,0.017,-0.035,-0.025,0.018,-0.082,0.156,0.052,-0.09,-0.025,0.014,-0.035,-0.039,-0.052,-0.008,0.005,-0.018,0.111,0.009,-0.002,0.138,-0.027,-0.018,-0.036,0.038,0.057,0.034,-0.003,-0.008,-0.022,0.014,0.121,0.013,-0.036,-0.107,-0.062,-0.043,0.079,0.04,-0.055,-0.068,-0.049,0.042,-0.077,-0.118,-0.134,-0.14,-0.124,-0.061,0.019,-0.102,-0.105,-0.142,-0.175,-0.075,-0.029,0.006,-0.103,-0.046,0.077,-0.079,-0.06,-0.141,0.019,-0.099,-0.135,-0.086,-0.161,-0.143,-0.092,-0.025,0.011,0.035,0.075,0.029,-0.103,-0.016,-0.094,-0.023
"ANXDEP10",-0.068,-0.026,-0.015,0.182,0.233,-0.109,0.052,-0.026,0.075,0,0.031,-0.081,0.116,-0.075,-0.018,-0.07,-0.067,0.024,-0.034,0.066,-0.058,0.051,0.059,0.102,0.046,0.037,0.007,0.045,0.025,0.016,0.025,-0.01,0.022,0.095,-0.108,-0.009,0.085,0.02,0.014,-0.032,-0.015,-0.02,-0.014,0.066,0.189,0.036,0.028,-0.024,-0.023,-0.127,-0.019,-0.01,-0.005,-0.018,-0.072,-0.022,0.011,0.042,-0.032,-0.037,-0.067,-0.115,-0.056,0.068,0.064,-0.037,-0.101,-0.05,0.01,-0.098,-0.181,-0.123,-0.018,-0.118,0.023,0.028,-0.103,-0.142,-0.138,-0.095,-0.032,-0.006,0.054,0.112,0.089,-0.724,-0.123,-0.08,-0.093,0.032,-0.066,-0.122,-0.132,-0.145,-0.124,-0.086,-0.028,-0.002,0.039,0.097,0.055,-0.023,-0.007,-0.09,0.024
"ANXDEP11",-0.097,0.004,-0.033,0.003,0.138,-0.12,-0.023,-0.066,-0.002,0.031,0,-0.159,0.056,-0.036,0.045,0.08,0.082,0.322,0.043,0.023,0.049,0.002,0.045,0.013,0.022,0.024,0.011,-0.011,-0.036,0.03,-0.005,-0.086,0.06,0.082,-0.083,0.063,0.007,0.019,0.061,-0.039,0.031,0.051,-0.015,-0.003,-0.002,-0.065,-0.001,0.026,-0.062,-0.075,-0.018,-0.075,0.019,0.041,-0.059,-0.007,0.034,0.026,-0.02,-0.021,-0.02,-0.087,-0.115,0.034,0.05,-0.077,-0.052,-0.027,0.025,-0.101,-0.087,-0.091,-0.035,-0.049,0.071,0.031,-0.049,-0.041,-0.092,-0.086,-0.044,-0.087,-0.009,-0.235,0.049,0.168,-0.095,-0.011,-0.06,-0.015,-0.048,-0.098,-0.066,-0.163,-0.133,-0.046,-0.024,0.064,0.073,0.13,0.034,-0.026,-0.004,-0.047,-0.035
"ANXDEP12",-0.171,-0.123,-0.039,-0.045,-0.043,0.006,0.034,-0.175,-0.157,-0.081,-0.159,0,-0.079,-0.03,-0.011,-0.088,-0.078,-0.177,-0.125,0.091,-0.04,0.005,0.001,0.008,-0.035,-0.003,-0.083,-0.034,-0.011,-0.081,-0.034,-0.106,-0.009,0.074,0.004,-0.037,0.101,-0.059,-0.001,0.015,-0.054,-0.045,-0.077,0.059,0.318,0.067,-0.01,0.012,0.097,0.031,-0.016,0.017,0,-0.06,0.02,0.063,0.028,-0.01,0.007,-0.029,-0.025,-0.063,-0.022,-0.004,-0.002,0.033,0.009,-0.06,0.003,0.191,-0.046,0.025,0.002,0.001,-0.025,0.24,0.111,0.134,0.032,0.005,0.178,0.135,0.053,-0.868,0.079,0.419,-0.058,0.061,0.064,0.071,0.09,0.076,0.028,0.011,0.036,0.061,0.09,0.101,0.147,0.072,0.031,0.005,0.097,0.123,0.075
"ANXDEP13",-0.116,0.027,-0.012,0.039,0.173,-0.139,-0.031,0.043,0.161,0.116,0.056,-0.079,0,-0.102,-0.022,-0.078,-0.05,0.081,-0.016,0.073,0.039,0.045,0.035,0.085,-0.001,0.029,0.057,0.079,-0.035,0.031,0.069,-0.058,0.045,0.088,-0.101,-0.024,0.034,-0.002,-0.012,-0.032,-0.015,-0.004,-0.054,0.098,0.01,0.028,0.06,0.019,-0.036,-0.054,-0.004,0.006,0.017,0.074,-0.018,0.011,0.046,0.135,-0.057,-0.053,-0.034,-0.124,-0.103,-0.015,0.044,-0.06,-0.112,-0.08,-0.017,-0.087,-0.158,-0.131,-0.124,-0.119,-0.005,0.001,-0.089,-0.139,-0.12,-0.135,-0.053,-0.031,0.007,-0.177,-0.003,0.172,-0.122,-0.027,-0.1,0.005,-0.111,-0.144,-0.113,-0.195,-0.151,-0.097,-0.06,0.046,0.072,0.097,0.049,-0.05,-0.018,-0.072,0.004
"WITHDEP1",-0.034,-0.08,-0.021,-0.043,-0.067,0.028,0.008,-0.078,-0.086,-0.075,-0.036,-0.03,-0.102,0,0.013,-0.066,-0.091,-0.046,-0.025,-0.076,-0.027,-0.085,-0.049,-0.008,0.085,-0.012,-0.04,-0.067,0.065,-0.073,-0.07,-0.11,0.024,0.075,0.036,0.036,0.061,-0.095,-0.012,0.047,-0.024,-0.025,0.005,0.02,-0.005,-0.056,0.004,-0.064,-0.019,-0.018,-0.002,-0.001,0.025,-0.09,0.01,0.025,-0.099,-0.025,0.046,0.081,-0.036,0.004,-0.032,0.105,-0.024,-0.048,0.067,-0.04,0.034,0.162,0.08,-0.024,0.005,0.003,0.046,0.079,-0.072,-0.01,-0.055,-0.02,0.072,0.068,-0.069,0.043,0.059,0.23,0.014,0.073,0.022,0.01,0.02,0.018,-0.003,-0.014,-0.031,0.001,0.051,0.058,0.124,0.16,0.102,0.008,0.031,0.029,-0.006
"WITHDEP2",-0.07,-0.043,0.042,-0.025,0.036,-0.069,-0.011,-0.025,-0.042,-0.018,0.045,-0.011,-0.022,0.013,0,0.038,0.01,0.089,0.042,-0.088,0.227,-0.043,0.03,-0.032,0.05,-0.03,-0.027,-0.063,0.02,-0.035,-0.076,-0.052,-0.023,0.016,0.1,-0.084,0.03,-0.036,0.067,0.103,0.036,0.061,0.038,-0.006,0.047,0.012,-0.003,0.013,-0.012,-0.036,0.038,-0.008,0.074,0.018,0.049,0.071,-0.039,0.041,0.032,-0.012,-0.106,-0.078,-0.091,0.089,0.122,-0.024,-0.04,-0.05,0.104,0.067,0.008,-0.096,-0.031,-0.092,0.086,0.041,-0.057,0.019,-0.062,-0.066,-0.005,-0.014,-0.054,-0.011,-0.068,-0.784,-0.029,-0.083,-0.054,-0.126,-0.029,-0.029,-0.095,-0.063,-0.001,-0.018,-0.018,0.03,0.037,0.061,0.036,-0.022,-0.018,-0.001,-0.055
"WITHDEP3",-0.008,0.011,0.023,-0.036,-0.019,-0.062,-0.081,-0.053,-0.041,-0.07,0.08,-0.088,-0.078,-0.066,0.038,0,0.075,0.192,-0.061,-0.146,0.013,-0.04,0.004,-0.022,0.025,-0.022,-0.026,-0.099,0.011,-0.028,-0.053,-0.042,0.045,-0.008,0.029,-0.004,-0.002,-0.051,0.004,-0.029,-0.019,0.095,0.076,-0.06,-0.049,-0.082,-0.011,-0.023,-0.058,-0.064,0.079,0.003,-0.029,0.017,0.044,-0.009,-0.064,-0.038,0.001,-0.012,-0.088,-0.078,-0.082,0.094,0.004,-0.054,0.02,-0.076,0.11,-0.035,0.052,-0.013,0.02,-0.02,0.064,0.086,-0.013,-0.025,-0.015,-0.004,0.017,0.02,0.051,0.06,0.079,-0.756,0.015,-0.032,0.042,-0.032,0.052,0.039,0.004,-0.019,-0.022,0.077,0.053,0.067,0.094,0.104,0.096,0.013,0.019,0.028,-0.045
"WITHDEP4",-0.037,-0.005,-0.034,-0.026,0.013,-0.092,-0.079,-0.042,-0.101,-0.067,0.082,-0.078,-0.05,-0.091,0.01,0.075,0,0.057,-0.078,-0.153,-0.041,-0.012,0.013,0.012,0.029,-0.046,-0.022,-0.082,0.001,0.035,-0.059,-0.02,0.015,-0.012,-0.024,0.012,-0.001,-0.033,-0.006,-0.018,-0.019,0.04,-0.014,-0.048,-0.085,0.027,-0.033,-0.001,0.037,-0.019,0.01,0.049,0.027,0.105,0.042,0.035,-0.02,-0.011,-0.045,0.001,-0.011,-0.083,-0.088,0.074,0.052,-0.038,0.03,-0.069,0.093,-0.024,0.093,0.012,0.072,0.12,0.104,0.038,0.069,0.143,0.137,0.099,0.072,0.105,-0.04,-0.018,0.053,0.157,0.056,-0.031,0.047,-0.047,0.022,0.009,-0.013,-0.048,-0.001,0.012,0.062,0.061,0.073,0.099,0.176,0.052,-0.008,0.01,-0.047
"WITHDEP5",0.017,0.147,0.105,0.016,0.073,-0.068,-0.028,0.051,0.132,0.024,0.322,-0.177,0.081,-0.046,0.089,0.192,0.057,0,0.012,-0.058,0.137,0.002,0.044,0.065,0.04,0.008,0.019,-0.03,0.079,0.039,-0.005,0.005,0.163,0.024,-0.08,-0.018,-0.068,-0.05,0.006,-0.052,0.016,0.08,0.069,-0.062,-0.064,-0.017,0.013,-0.034,-0.132,-0.094,-0.031,-0.053,0.012,0.021,-0.013,-0.022,-0.03,0.009,0.013,-0.056,-0.153,-0.094,-0.144,0.114,0.03,-0.165,-0.054,-0.068,0.096,-0.07,-0.074,-0.133,-0.077,-0.11,-0.024,-0.063,-0.138,-0.153,-0.129,-0.141,-0.121,-0.124,-0.007,-0.925,-0.026,0.336,-0.109,-0.101,-0.121,-0.113,-0.101,-0.11,-0.112,-0.214,-0.143,-0.082,-0.068,0.003,0.02,0.073,0.026,-0.095,-0.074,-0.135,-0.168
"WITHDEP6",-0.054,-0.024,-0.003,-0.083,-0.061,-0.077,-0.034,-0.086,-0.038,-0.034,0.043,-0.125,-0.016,-0.025,0.042,-0.061,-0.078,0.012,0,-0.033,0.057,-0.034,0.072,0.094,0.271,0.117,0.051,0.048,0.088,0.057,0.06,0.032,0.015,0.059,-0.03,-0.074,-0.031,0.019,0.059,0.011,0.161,0.029,0.062,-0.001,-0.09,0.047,-0.017,-0.012,-0.034,-0.039,0.021,0.044,0.048,0.045,0.034,0.043,0.002,0.092,0.036,0.063,-0.086,-0.032,-0.153,0.163,0.076,-0.062,0.01,-0.011,0.123,-0.044,-0.015,-0.112,-0.064,-0.074,0.065,0.007,0.063,0.029,-0.075,-0.067,-0.001,0.066,0.04,-0.906,0.16,-0.728,0.026,-0.049,-0.047,-0.078,-0.052,-0.069,-0.085,-0.124,-0.095,-0.083,-0.014,0.018,0.031,0.111,0.013,-0.044,-0.018,-0.041,0.041
"WITHDEP7",0.021,-0.063,0.053,0.01,0.044,0.052,0.124,-0.033,-0.021,0.066,0.023,0.091,0.073,-0.076,-0.088,-0.146,-0.153,-0.058,-0.033,0,-0.074,0.003,0.01,0.034,0.041,0.026,0.022,0.016,0.012,-0.024,0.023,-0.04,-0.027,0.143,0.015,-0.03,0.055,-0.052,0.038,0.027,-0.044,-0.062,-0.075,-0.003,0.138,0.023,-0.04,-0.007,-0.04,-0.095,-0.067,0.009,-0.015,-0.064,-0.028,-0.041,-0.02,0.08,-0.056,-0.035,-0.077,-0.113,-0.104,0.022,-0.023,-0.064,-0.036,-0.089,-0.009,-0.227,-0.062,-0.054,-0.023,-0.036,0.004,0.088,-0.05,-0.129,-0.054,-0.082,0.033,0.016,-0.048,-1.004,0.134,0.329,-0.018,0.026,-0.001,-0.006,-0.003,-0.023,-0.032,-0.076,-0.012,0.004,0.009,0.114,0.163,0.205,0.044,-0.038,0.049,0.007,0.024
"WITHDEP8",-0.08,0.004,0.031,-0.061,-0.009,-0.071,-0.027,-0.07,-0.029,-0.058,0.049,-0.04,0.039,-0.027,0.227,0.013,-0.041,0.137,0.057,-0.074,0,-0.057,-0.007,-0.008,0.08,-0.045,-0.018,-0.04,0.051,-0.029,-0.072,-0.048,0.003,0.072,0.087,-0.076,0.035,-0.058,0.054,0.094,0.053,0.032,0.044,-0.026,0.017,0.003,-0.007,0.022,-0.103,-0.048,0.086,0.025,0.034,0.026,0.03,0.035,-0.061,0.016,0.005,-0.026,-0.172,-0.073,-0.122,0.102,0.082,-0.048,-0.012,-0.046,0.08,-0.115,-0.031,-0.1,-0.088,-0.102,0.028,0.041,-0.005,-0.062,-0.059,-0.038,-0.03,-0.035,-0.011,0.084,0.024,-0.735,-0.059,-0.067,-0.014,-0.093,-0.034,-0.028,-0.076,-0.101,-0.048,-0.006,-0.018,0.051,0.053,0.111,0.071,-0.046,-0.025,-0.01,-0.047
"SOMATIC1",-0.025,0.082,0.017,0.017,-0.016,-0.089,-0.048,0.034,0.063,0.051,0.002,0.005,0.045,-0.085,-0.043,-0.04,-0.012,0.002,-0.034,0.003,-0.057,0,-0.105,-0.137,-0.295,-0.128,-0.149,-0.183,-0.136,-0.119,-0.164,-0.124,0.063,0.057,-0.05,-0.005,0.012,0.059,0.058,0.02,0.019,0.01,-0.002,0.038,0.053,0.192,0.09,0.023,0.006,0.06,0.014,0.259,0.094,0.046,0.044,0.066,0.233,0.246,0.002,0.017,0.024,-0.009,0.023,0.057,0.086,0.037,-0.008,0.01,0.054,0.101,-0.029,0.014,0.049,0.033,0.026,0.019,0.023,0.071,-0.01,0.019,0.005,0.059,0.042,0.03,0.141,-0.776,0.071,0,-0.063,0.061,0.036,-0.02,0.001,-0.006,0.027,-0.007,0.026,0.056,0.068,0.063,0.049,0.009,0.038,0.006,0.066
"SOMATIC2",-0.013,0.036,0.065,-0.002,0.053,-0.016,0.025,0.054,0.04,0.059,0.045,0.001,0.035,-0.049,0.03,0.004,0.013,0.044,0.072,0.01,-0.007,-0.105,0,-0.047,-0.163,-0.048,-0.094,-0.093,-0.071,-0.067,0.024,-0.073,0.043,0.055,-0.012,-0.006,-0.012,0.047,0.038,0.048,0.05,0.02,0.014,0.006,0.028,-0.006,0.033,0.001,-0.006,0.003,-0.019,0.074,0.06,0.061,0.001,-0.007,0.063,0.096,0.041,0.002,-0.012,-0.03,-0.031,0.05,0.027,-0.012,0.018,0.007,0.056,0.048,-0.035,-0.062,-0.001,-0.005,0.019,0.091,-0.069,-0.05,-0.013,-0.034,-0.034,0.047,0.02,0.103,0.123,-0.742,-0.115,0.014,-0.064,0.005,-0.054,-0.096,-0.008,-0.103,-0.055,-0.05,-0.006,0.06,0.028,0.071,0.079,-0.038,0.017,-0.035,0.038
"SOMATIC3",-0.009,0.027,0.026,0.06,0.012,-0.029,-0.037,0.015,0.075,0.102,0.013,0.008,0.085,-0.008,-0.032,-0.022,0.012,0.065,0.094,0.034,-0.008,-0.137,-0.047,0,-0.119,-0.011,0.123,-0.005,0.018,-0.059,0,-0.058,0.044,0.045,-0.052,-0.017,0.006,0.079,0.01,-0.033,0.03,-0.016,-0.045,0,0.036,0.073,0.053,-0.06,-0.006,-0.085,-0.006,0.2,0.07,0.013,-0.022,0.018,0.105,0.103,-0.024,0.012,-0.086,-0.039,-0.044,0.13,0.059,-0.057,-0.024,-0.035,0.1,0.108,-0.076,-0.073,-0.09,-0.047,0.019,-0.027,-0.01,-0.057,-0.086,0.022,-0.037,0.02,-0.019,0.215,0.103,0.345,-0.045,-0.032,-0.038,0.009,-0.056,-0.084,-0.061,-0.078,-0.076,-0.068,0.022,0.016,0.074,0.057,0.031,-0.046,-0.025,-0.066,0.018
"SOMATIC4",0.008,0,-0.016,-0.039,-0.005,-0.024,-0.048,-0.054,-0.022,0.046,0.022,-0.035,-0.001,0.085,0.05,0.025,0.029,0.04,0.271,0.041,0.08,-0.295,-0.163,-0.119,0,-0.138,-0.183,-0.241,-0.046,-0.144,-0.206,-0.111,0.095,0.097,-0.02,0.02,0.056,0.033,0.027,0.021,0.05,0.021,0.026,0.023,-0.054,0.121,0.022,-0.028,-0.091,-0.112,0.052,0.122,0.019,0.047,0.054,0.062,-0.007,0.091,0.057,0.054,-0.047,-0.018,-0.065,0.171,0.058,-0.013,0.018,0.002,0.137,0.069,0.073,-0.015,-0.007,0.005,0.052,-0.023,-0.025,0.009,-0.021,-0.053,0.037,-0.053,0.027,0.156,0.159,0.312,0.04,0.008,-0.033,0.032,-0.01,-0.003,-0.004,-0.016,-0.049,-0.033,0.074,0.034,0.118,0.143,0.097,0.012,0.039,-0.02,0.052
"SOMATIC5",-0.038,0.027,-0.001,-0.024,0.037,-0.052,-0.019,-0.05,-0.024,0.037,0.024,-0.003,0.029,-0.012,-0.03,-0.022,-0.046,0.008,0.117,0.026,-0.045,-0.128,-0.048,-0.011,-0.138,0,0.137,0.022,0.015,0.026,0.072,0.009,0.006,0.056,-0.064,-0.001,-0.011,0.156,-0.028,-0.033,0.046,-0.003,-0.016,-0.009,0.048,0.099,0.003,0.039,0.035,0.021,-0.023,0.075,0.023,0.069,-0.03,-0.005,0.1,0.083,-0.035,0.031,0.036,-0.065,-0.05,0.028,0.035,-0.043,-0.074,-0.035,0,-0.07,-0.051,-0.067,0.002,-0.014,0.035,-0.066,-0.122,0.01,-0.072,-0.07,-0.026,-0.005,0.014,-0.871,-0.008,0.337,-0.08,0.017,-0.036,0.028,-0.051,-0.053,-0.032,-0.109,-0.039,-0.061,-0.017,0.055,0.054,0.073,0.036,-0.001,-0.003,-0.028,0.068
"SOMATIC6",-0.031,-0.009,0.009,0.008,-0.003,-0.059,-0.026,-0.035,-0.011,0.007,0.011,-0.083,0.057,-0.04,-0.027,-0.026,-0.022,0.019,0.051,0.022,-0.018,-0.149,-0.094,0.123,-0.183,0.137,0,0.125,0.028,-0.016,0.139,0.067,-0.007,0.019,-0.044,-0.029,-0.011,0.089,-0.009,-0.022,0.001,-0.014,-0.027,-0.034,-0.008,0.001,0.006,0.003,-0.06,-0.076,-0.008,0.048,0.015,0.011,-0.061,-0.039,0.111,0.083,-0.07,-0.021,0.017,-0.058,-0.055,-0.011,0,-0.06,-0.049,-0.041,0.011,-0.039,-0.044,-0.032,-0.028,-0.011,0.052,0.001,-0.127,0.087,-0.043,-0.046,-0.02,0.03,-0.014,-0.024,-0.033,0.074,0.015,-0.003,-0.028,-0.018,-0.008,-0.034,-0.03,-0.051,0.004,-0.039,-0.002,0.035,0.048,0.051,-0.01,-0.023,-0.016,-0.022,0.01
"SOMATIC7",-0.056,-0.004,0.059,-0.031,0.035,-0.084,-0.028,-0.053,0.017,0.045,-0.011,-0.034,0.079,-0.067,-0.063,-0.099,-0.082,-0.03,0.048,0.016,-0.04,-0.183,-0.093,-0.005,-0.241,0.022,0.125,0,-0.046,-0.038,0.26,0.282,0.048,0.033,-0.13,-0.059,-0.017,0.081,-0.03,-0.055,0.031,-0.047,-0.035,-0.032,-0.023,0.059,-0.011,0.016,-0.091,-0.063,-0.067,0.076,0.01,0.026,-0.052,-0.023,0.079,0.072,-0.069,-0.021,-0.002,-0.114,-0.095,-0.055,-0.017,-0.085,-0.099,-0.102,-0.013,-0.05,-0.101,-0.078,-0.071,-0.068,-0.006,0.033,-0.052,-0.053,-0.068,-0.117,-0.009,-0.039,0.025,0.074,0.221,0.208,-0.03,-0.039,-0.063,0.007,-0.059,-0.064,-0.068,-0.148,-0.095,-0.064,-0.045,0.014,0.045,0.068,-0.031,-0.056,-0.035,-0.085,0.014
"SOMATIC8",0.028,0.045,0.062,0.012,-0.022,-0.03,-0.057,-0.056,-0.035,0.025,-0.036,-0.011,-0.035,0.065,0.02,0.011,0.001,0.079,0.088,0.012,0.051,-0.136,-0.071,0.018,-0.046,0.015,0.028,-0.046,0,0.033,-0.055,-0.019,0.059,0.042,0.002,0.002,0.031,0.011,0.013,0.014,0.063,0.018,0.053,-0.014,0.053,0.18,0.079,-0.034,0.041,-0.05,0.087,0.141,0.018,-0.012,0.031,0.037,0.029,-0.028,0,-0.008,-0.044,-0.002,-0.039,0.093,0.018,-0.049,0.03,-0.01,0.095,0.028,0.006,-0.047,0.016,0.019,0.02,-0.116,0.039,0.051,-0.045,-0.004,0.025,-0.02,0.076,0.267,0.139,0.468,-0.019,-0.055,-0.094,-0.021,0.006,0.016,-0.04,-0.022,-0.047,-0.096,0.018,-0.023,0.072,0.055,0.089,-0.044,-0.014,-0.06,0.002
"SOMATIC9",-0.026,0.051,-0.017,0.026,0.013,-0.06,-0.058,-0.008,-0.025,0.016,0.03,-0.081,0.031,-0.073,-0.035,-0.028,0.035,0.039,0.057,-0.024,-0.029,-0.119,-0.067,-0.059,-0.144,0.026,-0.016,-0.038,0.033,0,0.004,0.039,0.03,0.043,-0.036,0.007,-0.044,0.1,0.009,-0.014,0.069,-0.006,0.008,0.008,-0.055,0.053,0.031,0.058,0.002,0.031,0.047,0.008,0.039,0.061,-0.024,0.002,0.082,0.022,-0.017,0.014,0.007,-0.035,-0.045,0.043,0.048,-0.021,0,0.002,0.053,0.065,0,-0.004,0.005,0.032,0.071,0.059,-0.074,0.128,-0.03,0.014,0.001,0.051,0.028,-0.836,0.086,0.392,-0.04,-0.017,0.001,0.022,-0.016,-0.039,0,-0.061,-0.013,-0.032,-0.013,0.033,0.031,0.035,0.006,0.01,-0.013,-0.026,0.068
"SOMATIC10",-0.017,-0.006,0.065,-0.054,0.029,-0.064,-0.039,-0.024,0.018,0.025,-0.005,-0.034,0.069,-0.07,-0.076,-0.053,-0.059,-0.005,0.06,0.023,-0.072,-0.164,0.024,0,-0.206,0.072,0.139,0.26,-0.055,0.004,0,0.208,0.037,0.028,-0.101,-0.038,-0.044,0.098,-0.024,-0.074,0.006,-0.008,-0.04,-0.044,-0.009,-0.019,-0.02,0.004,-0.021,-0.016,-0.081,0.003,0.035,-0.001,-0.084,-0.074,0.082,0.089,-0.075,-0.026,0,-0.11,-0.087,-0.064,-0.032,-0.078,-0.091,-0.077,-0.048,-0.159,-0.099,-0.074,-0.067,-0.046,0.02,-0.017,-0.099,-0.049,-0.079,-0.115,-0.061,0.006,0.055,-0.922,0.129,0.105,-0.075,-0.015,-0.083,0.006,-0.057,-0.087,-0.052,-0.133,-0.092,-0.093,-0.024,0.026,0.022,0.071,-0.033,-0.029,-0.015,-0.085,-0.014
"SOMATIC11",-0.033,0.003,0.058,-0.042,-0.074,-0.123,-0.099,-0.114,-0.082,-0.01,-0.086,-0.106,-0.058,-0.11,-0.052,-0.042,-0.02,0.005,0.032,-0.04,-0.048,-0.124,-0.073,-0.058,-0.111,0.009,0.067,0.282,-0.019,0.039,0.208,0,0.057,-0.035,-0.089,-0.089,-0.014,0.058,0.021,-0.032,0.027,-0.008,0.037,-0.061,-0.002,0.115,-0.008,0.021,0.024,0.018,-0.053,0.163,-0.034,-0.007,-0.038,0.012,0.053,0.011,-0.041,-0.028,-0.007,-0.058,-0.026,-0.015,-0.02,-0.053,0.003,-0.028,0.022,0.009,-0.047,0.003,0.008,0.019,0.045,0.147,-0.046,0.155,-0.028,-0.038,0.043,0.019,0.013,-0.784,0.172,-0.681,-0.036,-0.067,-0.029,-0.031,-0.037,-0.012,-0.031,-0.045,0.021,0.001,0,-0.028,-0.008,0.039,-0.029,0.045,-0.04,-0.024,0.031
"SOCIAL1",0.158,0.177,0.103,0.065,0.027,0.027,-0.032,0.075,0.156,0.022,0.06,-0.009,0.045,0.024,-0.023,0.045,0.015,0.163,0.015,-0.027,0.003,0.063,0.043,0.044,0.095,0.006,-0.007,0.048,0.059,0.03,0.037,0.057,0,0.073,-0.123,-0.012,-0.087,-0.063,-0.049,-0.084,-0.043,0.009,-0.014,0.023,-0.049,0.003,-0.028,-0.071,-0.073,-0.014,0.02,0,-0.02,0.016,-0.021,-0.046,-0.032,0.002,0.096,0.005,-0.046,-0.012,0.006,0.093,-0.052,-0.076,-0.004,-0.059,0.017,0.116,-0.028,-0.086,-0.026,-0.049,0.014,-0.094,-0.038,-0.001,-0.109,-0.069,-0.048,0.006,0.033,-0.997,0.031,-0.801,-0.085,-0.039,-0.106,0.172,-0.033,-0.067,-0.077,-0.074,-0.096,-0.115,-0.01,-0.062,0.028,-0.003,0.044,-0.092,-0.046,-0.119,-0.007
"SOCIAL2",0.132,0.047,0.132,0.076,0.083,0.183,0.162,0.017,0.052,0.095,0.082,0.074,0.088,0.075,0.016,-0.008,-0.012,0.024,0.059,0.143,0.072,0.057,0.055,0.045,0.097,0.056,0.019,0.033,0.042,0.043,0.028,-0.035,0.073,0,-0.058,-0.026,-0.015,-0.096,0.024,0.003,-0.096,-0.04,-0.069,0.007,-0.009,-0.021,-0.044,-0.044,-0.108,-0.078,-0.072,-0.017,-0.032,0.001,-0.065,-0.024,-0.045,-0.039,0.001,0.009,-0.038,-0.069,-0.056,0.081,0.004,-0.084,-0.054,-0.072,-0.021,-0.058,-0.084,-0.097,-0.051,-0.077,0.011,-0.032,-0.05,-0.171,-0.112,-0.081,-0.08,-0.048,-0.023,-1.005,-0.038,0.161,-0.088,-0.015,-0.124,0.082,-0.031,-0.091,-0.083,-0.097,-0.094,-0.057,-0.061,-0.036,0.023,0.082,-0.002,-0.063,-0.057,-0.097,0
"SOCIAL3",-0.008,-0.073,0.04,-0.036,-0.087,0.011,0.009,-0.047,-0.09,-0.108,-0.083,0.004,-0.101,0.036,0.1,0.029,-0.024,-0.08,-0.03,0.015,0.087,-0.05,-0.012,-0.052,-0.02,-0.064,-0.044,-0.13,0.002,-0.036,-0.101,-0.089,-0.123,-0.058,0,-0.063,-0.013,-0.15,0.059,0.16,-0.141,-0.042,-0.031,-0.074,-0.088,-0.109,-0.127,-0.05,-0.041,-0.013,-0.057,-0.067,-0.071,-0.098,-0.042,-0.042,-0.077,-0.098,0.03,-0.035,-0.001,-0.081,-0.057,-0.082,-0.075,0.018,0.011,-0.099,-0.058,0.078,0.106,0.064,0.061,0.05,0.037,0.089,-0.058,0.038,0.015,0.041,0.057,0.066,-0.001,0.177,0.031,-0.792,0.031,0.041,0.11,0.017,-0.016,0.023,0.025,0.143,0.177,0.1,0.021,0.001,-0.025,-0.02,0.031,0.049,0.023,0.083,-0.008
"SOCIAL4",0.1,0.004,-0.035,0.004,0.083,0.149,0.034,0.006,-0.025,-0.009,0.063,-0.037,-0.024,0.036,-0.084,-0.004,0.012,-0.018,-0.074,-0.03,-0.076,-0.005,-0.006,-0.017,0.02,-0.001,-0.029,-0.059,0.002,0.007,-0.038,-0.089,-0.012,-0.026,-0.063,0,-0.026,-0.075,-0.115,-0.116,-0.145,-0.072,-0.093,-0.047,-0.062,-0.134,-0.086,-0.08,-0.055,-0.005,-0.079,-0.178,-0.078,0.009,-0.105,-0.097,-0.075,-0.111,-0.016,-0.031,0.14,-0.122,-0.08,-0.06,-0.101,-0.041,-0.088,-0.109,-0.089,-0.07,0.113,0.049,0.019,0.076,0.03,-0.045,-0.056,-0.036,0.018,-0.042,0.005,0.019,0.02,-1.052,0.085,0.047,0.027,0.101,0.075,0.151,0,0.041,0.035,-0.075,0.049,0.013,0.071,0.054,0.068,0.104,0.111,0.078,0.079,0.033,0.029
"SOCIAL5",0.06,-0.011,0.136,0.146,0.104,0.22,0.184,0.007,0.014,0.085,0.007,0.101,0.034,0.061,0.03,-0.002,-0.001,-0.068,-0.031,0.055,0.035,0.012,-0.012,0.006,0.056,-0.011,-0.011,-0.017,0.031,-0.044,-0.044,-0.014,-0.087,-0.015,-0.013,-0.026,0,-0.121,-0.006,-0.04,-0.179,-0.117,-0.102,0.013,0.089,-0.01,-0.077,-0.056,0.05,-0.059,-0.054,0.014,-0.047,-0.04,-0.03,-0.053,-0.116,-0.06,-0.02,-0.037,-0.004,-0.146,-0.089,-0.002,-0.05,-0.008,-0.071,-0.122,-0.05,0.007,0.002,-0.014,-0.025,-0.006,-0.019,0.016,-0.024,-0.072,-0.032,-0.048,0.02,0.029,0.051,0.055,0.053,0.278,-0.027,0.022,0.054,0.01,-0.078,-0.039,-0.049,-0.022,0.063,0.041,0.003,0.01,0.045,0.087,0.115,0.022,0.014,0.057,-0.031
"SOCIAL6",0.064,-0.01,-0.052,-0.046,0.002,-0.022,-0.001,-0.018,-0.035,0.02,0.019,-0.059,-0.002,-0.095,-0.036,-0.051,-0.033,-0.05,0.019,-0.052,-0.058,0.059,0.047,0.079,0.033,0.156,0.089,0.081,0.011,0.1,0.098,0.058,-0.063,-0.096,-0.15,-0.075,-0.121,0,-0.024,-0.105,0.328,-0.018,-0.021,-0.026,-0.044,-0.054,-0.004,0.031,-0.052,-0.017,0.001,-0.101,-0.03,0.009,-0.026,-0.01,0.112,-0.02,0.026,0.01,0.011,-0.022,0.027,0.008,0.062,0.063,-0.045,0.015,0.036,-0.221,-0.045,-0.043,0.031,0.006,0.049,-0.027,0.01,0.022,-0.013,-0.009,-0.065,0.024,0.031,-0.938,-0.026,-0.776,0.028,-0.019,-0.059,0.03,-0.006,-0.042,-0.054,-0.075,0.024,-0.044,-0.025,-0.012,-0.032,-0.01,-0.038,-0.04,-0.037,-0.088,0.068
"SOCIAL7",0.079,-0.003,0.198,-0.022,-0.018,0.027,0.076,-0.031,-0.039,0.014,0.061,-0.001,-0.012,-0.012,0.067,0.004,-0.006,0.006,0.059,0.038,0.054,0.058,0.038,0.01,0.027,-0.028,-0.009,-0.03,0.013,0.009,-0.024,0.021,-0.049,0.024,0.059,-0.115,-0.006,-0.024,0,0.203,0.021,0.027,0.047,-0.041,0.054,-0.009,-0.065,-0.013,0.02,-0.021,-0.012,-0.018,-0.035,-0.037,-0.017,0.012,-0.001,-0.083,0.073,-0.023,-0.047,-0.046,-0.055,-0.028,-0.006,-0.007,0.052,-0.035,0.003,-0.049,-0.088,-0.052,0.088,-0.01,0.022,-0.002,0.028,0.047,0.007,0.029,-0.02,0.003,0.006,-1.01,0.048,-0.795,0.014,-0.053,-0.021,-0.033,-0.026,-0.049,-0.103,0.013,0.127,-0.034,-0.023,-0.08,-0.047,-0.013,-0.01,0.006,-0.056,-0.067,0.003
"SOCIAL8",-0.002,-0.034,0.102,-0.011,-0.055,0.018,0.042,-0.014,-0.052,-0.032,-0.039,0.015,-0.032,0.047,0.103,-0.029,-0.018,-0.052,0.011,0.027,0.094,0.02,0.048,-0.033,0.021,-0.033,-0.022,-0.055,0.014,-0.014,-0.074,-0.032,-0.084,0.003,0.16,-0.116,-0.04,-0.105,0.203,0,-0.061,0.007,0.001,-0.047,-0.09,-0.066,-0.056,0.001,-0.063,0.001,-0.047,-0.07,-0.067,-0.06,-0.028,-0.038,-0.074,-0.093,0.079,-0.007,-0.023,-0.078,-0.065,-0.059,-0.048,0.015,0.038,-0.067,-0.045,0.005,0.018,-0.009,0.041,0.016,0.038,-0.001,0.034,-0.001,-0.007,-0.011,0.007,-0.024,-0.002,-0.025,-0.012,-0.769,-0.022,-0.029,0,-0.01,-0.043,-0.043,-0.052,0.039,0.081,-0.008,-0.037,-0.028,-0.044,-0.002,0.009,0.007,-0.044,-0.04,-0.004
"SOCIAL9",-0.011,0.016,-0.038,-0.033,-0.042,-0.079,-0.01,-0.003,-0.008,-0.015,0.031,-0.054,-0.015,-0.024,0.036,-0.019,-0.019,0.016,0.161,-0.044,0.053,0.019,0.05,0.03,0.05,0.046,0.001,0.031,0.063,0.069,0.006,0.027,-0.043,-0.096,-0.141,-0.145,-0.179,0.328,0.021,-0.061,0,0.044,0.113,0.002,-0.087,-0.044,0.047,0.058,0.038,0.059,0.039,-0.059,-0.019,-0.011,0.02,0.048,0.064,-0.016,0.098,0.059,-0.059,0.034,0.017,0.083,0.136,0.034,0.103,0.052,0.117,-0.215,-0.041,-0.077,-0.019,-0.034,0.047,-0.074,0.033,0.024,-0.082,-0.032,-0.104,0.016,0,-0.98,-0.074,-0.778,-0.007,-0.089,-0.163,-0.032,-0.067,-0.1,-0.118,-0.069,-0.04,-0.119,-0.059,-0.055,-0.035,-0.047,-0.025,-0.051,-0.077,-0.123,0.08
"SOCIAL10",0.067,0.05,0.034,0.048,-0.008,-0.033,0.014,-0.013,0.005,-0.02,0.051,-0.045,-0.004,-0.025,0.061,0.095,0.04,0.08,0.029,-0.062,0.032,0.01,0.02,-0.016,0.021,-0.003,-0.014,-0.047,0.018,-0.006,-0.008,-0.008,0.009,-0.04,-0.042,-0.072,-0.117,-0.018,0.027,0.007,0.044,0,0.034,-0.04,-0.097,-0.052,-0.037,0.017,0.022,-0.027,0.027,-0.011,-0.001,0.087,0.014,0.043,-0.012,-0.038,0.196,0.033,-0.025,0.006,-0.02,0.038,0.055,-0.028,0.045,0.009,0.059,0.013,-0.001,-0.048,-0.011,-0.001,0.196,-0.001,0.025,-0.05,-0.034,0.026,-0.084,0.019,0.072,-0.034,-0.07,-0.791,-0.054,-0.056,-0.063,0.008,-0.032,-0.055,-0.057,-0.053,-0.082,-0.077,-0.018,-0.051,-0.015,-0.032,-0.036,-0.04,-0.053,-0.075,0.038
"SOCIAL11",0.02,0.019,0.039,0.018,-0.088,-0.049,0.006,0.002,-0.018,-0.014,-0.015,-0.077,-0.054,0.005,0.038,0.076,-0.014,0.069,0.062,-0.075,0.044,-0.002,0.014,-0.045,0.026,-0.016,-0.027,-0.035,0.053,0.008,-0.04,0.037,-0.014,-0.069,-0.031,-0.093,-0.102,-0.021,0.047,0.001,0.113,0.034,0,0.01,-0.023,-0.02,0.048,0.017,0.038,0,0.109,0.04,-0.001,-0.069,0.123,0.096,-0.017,-0.061,0.161,-0.004,-0.054,0.079,0.048,0.116,0.046,-0.005,0.104,0.052,0.119,0.187,0.014,-0.027,-0.055,-0.012,-0.017,0.138,0.064,0.011,-0.051,-0.011,-0.01,-0.003,0.034,0.121,-0.095,-0.731,-0.058,-0.085,-0.072,-0.072,0.008,-0.023,-0.06,-0.029,-0.004,-0.013,-0.017,-0.093,-0.052,-0.064,-0.011,-0.036,-0.042,-0.087,0.027
"THOUGHT1",0.013,0.077,0.074,0.099,0.061,-0.001,0.02,0.091,0.111,0.066,-0.003,0.059,0.098,0.02,-0.006,-0.06,-0.048,-0.062,-0.001,-0.003,-0.026,0.038,0.006,0,0.023,-0.009,-0.034,-0.032,-0.014,0.008,-0.044,-0.061,0.023,0.007,-0.074,-0.047,0.013,-0.026,-0.041,-0.047,0.002,-0.04,0.01,0,-0.106,-0.112,-0.011,-0.051,-0.083,-0.076,0.047,-0.107,-0.043,-0.036,-0.065,-0.03,-0.035,-0.054,0.021,0.028,0.044,0.069,0.091,0.079,0.091,0.023,-0.016,0.037,0.035,-0.018,-0.023,-0.066,-0.014,-0.056,0.021,0.005,0.01,-0.082,-0.101,-0.107,-0.028,0.038,-0.004,-0.202,0.046,0.019,-0.034,-0.01,-0.065,0.047,-0.044,-0.074,-0.083,-0.027,-0.055,-0.093,-0.076,-0.037,0.014,-0.023,-0.013,-0.028,-0.049,-0.054,0.043
"THOUGHT2",0.01,-0.016,0.188,0.177,0.053,0.142,0.194,0.028,0.009,0.189,-0.002,0.318,0.01,-0.005,0.047,-0.049,-0.085,-0.064,-0.09,0.138,0.017,0.053,0.028,0.036,-0.054,0.048,-0.008,-0.023,0.053,-0.055,-0.009,-0.002,-0.049,-0.009,-0.088,-0.062,0.089,-0.044,0.054,-0.09,-0.087,-0.097,-0.023,-0.106,0,0.096,-0.083,-0.067,0.045,-0.143,-0.084,0.011,-0.154,-0.122,-0.162,-0.13,-0.074,-0.087,-0.005,-0.058,-0.102,-0.123,-0.152,-0.008,-0.016,0,-0.05,-0.11,-0.057,0.171,-0.035,-0.003,-0.032,-0.083,-0.031,0.232,0.154,0.171,0.055,0.066,0.003,0.062,0.093,-0.858,-0.123,-0.653,-0.019,-0.01,0.012,0.028,0.147,0.031,-0.043,-0.023,0.047,0.059,0.016,-0.02,0.081,-0.011,-0.045,-0.121,0.045,0.034,-0.047
"THOUGHT3",0.005,0.085,-0.005,0.065,-0.047,-0.037,-0.004,-0.085,-0.002,0.036,-0.065,0.067,0.028,-0.056,0.012,-0.082,0.027,-0.017,0.047,0.023,0.003,0.192,-0.006,0.073,0.121,0.099,0.001,0.059,0.18,0.053,-0.019,0.115,0.003,-0.021,-0.109,-0.134,-0.01,-0.054,-0.009,-0.066,-0.044,-0.052,-0.02,-0.112,0.096,0,-0.048,-0.076,-0.118,-0.076,-0.022,0.392,-0.079,-0.084,0.006,0.034,-0.018,-0.084,-0.061,-0.052,-0.021,-0.066,-0.059,-0.018,-0.033,-0.015,-0.008,-0.062,0.022,-0.812,-0.045,-0.035,0.028,-0.001,0.004,0.044,0.212,0.113,0.027,0.067,0.039,0.041,0.053,-0.853,0.036,0.476,0.123,-0.09,-0.036,-0.064,0.025,0.021,-0.088,0.003,0.025,-0.057,-0.025,-0.121,0.013,-0.093,0.063,-0.033,-0.109,-0.002,0.04
"THOUGHT4",-0.015,0.053,0.023,0.011,-0.006,-0.061,-0.029,0.287,0.138,0.028,-0.001,-0.01,0.06,0.004,-0.003,-0.011,-0.033,0.013,-0.017,-0.04,-0.007,0.09,0.033,0.053,0.022,0.003,0.006,-0.011,0.079,0.031,-0.02,-0.008,-0.028,-0.044,-0.127,-0.086,-0.077,-0.004,-0.065,-0.056,0.047,-0.037,0.048,-0.011,-0.083,-0.048,0,0.03,-0.005,-0.056,0.088,-0.026,-0.08,-0.078,-0.015,-0.041,-0.025,-0.047,0.034,0.002,-0.023,0.038,0.149,0.076,0.078,0.039,-0.007,0.036,0.095,0.019,-0.027,-0.064,-0.009,-0.06,0.006,0.029,-0.04,0.001,-0.061,-0.032,-0.032,-0.011,0.015,0.008,0.025,-0.767,-0.009,-0.089,-0.071,-0.019,-0.034,-0.086,-0.118,-0.036,-0.087,-0.09,-0.042,-0.079,-0.026,-0.049,0.021,-0.052,-0.056,-0.074,0.06
"THOUGHT5",-0.026,-0.003,-0.02,0.028,0.015,-0.03,0.004,0.034,-0.027,-0.024,0.026,0.012,0.019,-0.064,0.013,-0.023,-0.001,-0.034,-0.012,-0.007,0.022,0.023,0.001,-0.06,-0.028,0.039,0.003,0.016,-0.034,0.058,0.004,0.021,-0.071,-0.044,-0.05,-0.08,-0.056,0.031,-0.013,0.001,0.058,0.017,0.017,-0.051,-0.067,-0.076,0.03,0,0.161,0.139,-0.022,-0.103,-0.031,0.022,-0.049,-0.038,0.047,-0.033,0.028,0.011,0.08,-0.037,0.023,-0.038,0.066,0.063,-0.003,0.035,0.034,0.006,-0.029,0.001,0.016,0.039,0.067,0.015,-0.05,0.026,0.023,-0.037,0.001,0.014,0.027,-0.08,-0.051,0.065,-0.026,-0.014,-0.022,-0.013,-0.026,-0.016,-0.006,-0.054,-0.026,0.026,-0.022,0.025,-0.014,0.013,-0.072,0.03,-0.018,0.002,0.048
"THOUGHT6",-0.012,0.003,0.078,0.03,0.009,-0.034,0.008,0.007,-0.018,-0.023,-0.062,0.097,-0.036,-0.019,-0.012,-0.058,0.037,-0.132,-0.034,-0.04,-0.103,0.006,-0.006,-0.006,-0.091,0.035,-0.06,-0.091,0.041,0.002,-0.021,0.024,-0.073,-0.108,-0.041,-0.055,0.05,-0.052,0.02,-0.063,0.038,0.022,0.038,-0.083,0.045,-0.118,-0.005,0.161,0,0.521,-0.1,-1.045,-0.146,-0.047,0.055,-0.06,0,-0.14,0.095,-0.029,0.055,-0.087,-0.026,-0.116,0.047,0.032,0.052,-0.013,-0.002,-0.764,0.026,-0.014,0.032,0.082,0.044,0.079,0.176,0.287,0.045,0.071,0.059,0.304,-0.135,-0.776,0.022,-0.633,0.124,-0.061,-0.022,-0.051,-0.055,-0.006,-0.079,-0.041,0.069,0.021,0.015,-0.052,-0.056,-0.09,-0.035,-0.033,-0.023,0.036,0.057
"THOUGHT7",-0.117,0.002,-0.029,-0.154,-0.05,-0.033,-0.028,-0.001,-0.036,-0.127,-0.075,0.031,-0.054,-0.018,-0.036,-0.064,-0.019,-0.094,-0.039,-0.095,-0.048,0.06,0.003,-0.085,-0.112,0.021,-0.076,-0.063,-0.05,0.031,-0.016,0.018,-0.014,-0.078,-0.013,-0.005,-0.059,-0.017,-0.021,0.001,0.059,-0.027,0,-0.076,-0.143,-0.076,-0.056,0.139,0.521,0,-0.048,-0.12,-0.071,-0.058,-0.029,-0.077,-0.033,-0.071,0.032,-0.032,0.062,-0.079,0.001,-0.094,-0.013,0.021,0.002,-0.004,-0.03,0.139,0.075,0.027,0.046,0.087,0.036,0.136,0.233,0.356,0.091,0.044,0.134,0.384,-0.027,-0.788,0.035,-0.647,0.075,-0.017,0.005,0.002,-0.009,0.04,0.03,0.021,0.061,0.006,-0.007,-0.001,-0.055,-0.052,-0.075,0.061,-0.004,0.056,-0.019
"THOUGHT8",0.005,0.047,0.002,0.004,-0.033,-0.066,-0.087,0.064,0.038,-0.019,-0.018,-0.016,-0.004,-0.002,0.038,0.079,0.01,-0.031,0.021,-0.067,0.086,0.014,-0.019,-0.006,0.052,-0.023,-0.008,-0.067,0.087,0.047,-0.081,-0.053,0.02,-0.072,-0.057,-0.079,-0.054,0.001,-0.012,-0.047,0.039,0.027,0.109,0.047,-0.084,-0.022,0.088,-0.022,-0.1,-0.048,0,-0.034,-0.053,-0.074,0.02,-0.009,-0.041,-0.116,0.065,-0.032,-0.063,0.019,0.067,0.073,0.082,0.035,0.005,0.016,0.109,-0.03,0.027,-0.037,0.008,-0.029,0.06,0.037,0.012,0.016,-0.051,0.042,0.011,-0.022,0.014,0.02,0.028,-0.748,0.042,-0.068,-0.054,0.034,0.042,0.026,-0.091,-0.012,0.005,-0.022,0.012,-0.045,0.002,-0.06,0.022,-0.017,-0.016,-0.049,0.035
"THOUGHT9",-0.015,0.04,0.03,-0.009,-0.089,-0.035,-0.076,-0.035,0.057,-0.01,-0.075,0.017,0.006,-0.001,-0.008,0.003,0.049,-0.053,0.044,0.009,0.025,0.259,0.074,0.2,0.122,0.075,0.048,0.076,0.141,0.008,0.003,0.163,0,-0.017,-0.067,-0.178,0.014,-0.101,-0.018,-0.07,-0.059,-0.011,0.04,-0.107,0.011,0.392,-0.026,-0.103,-1.045,-0.12,-0.034,0,-0.052,-0.074,-0.009,0.088,-0.012,-0.064,-0.06,-0.051,-0.055,-0.077,-0.065,0.048,-0.01,-0.047,-0.035,-0.074,0.05,0.144,-0.064,-0.058,0.016,-0.056,-0.086,0.094,0.08,0.133,0.014,0.04,0.017,0.032,-0.065,0.307,-0.074,0.494,0.146,-0.149,-0.06,-0.073,-0.009,0.015,-0.109,-0.013,0.001,-0.026,0.009,-0.11,0.011,-0.081,0.057,-0.063,-0.105,-0.008,0.016
"THOUGHT10",-0.025,0.027,0.04,-0.029,0.012,0.008,-0.014,0.071,0.034,-0.005,0.019,0,0.017,0.025,0.074,-0.029,0.027,0.012,0.048,-0.015,0.034,0.094,0.06,0.07,0.019,0.023,0.015,0.01,0.018,0.039,0.035,-0.034,-0.02,-0.032,-0.071,-0.078,-0.047,-0.03,-0.035,-0.067,-0.019,-0.001,-0.001,-0.043,-0.154,-0.079,-0.08,-0.031,-0.146,-0.071,-0.053,-0.052,0,0.003,-0.09,-0.034,0.019,0.342,-0.014,0,-0.042,-0.012,0.038,0.001,0.019,-0.002,-0.006,-0.002,0.006,-0.16,-0.026,-0.066,-0.075,-0.051,0.023,0.027,-0.003,-0.014,-0.036,-0.028,-0.003,0.048,0.003,-0.929,0.153,-0.754,-0.025,-0.031,-0.084,-0.011,-0.037,-0.065,-0.054,-0.079,-0.04,-0.036,-0.014,-0.014,-0.013,-0.046,0.025,-0.019,-0.025,0.006,0.025
"THOUGHT11",0.003,0.068,-0.029,0.025,0.058,-0.011,-0.02,-0.001,-0.003,-0.018,0.041,-0.06,0.074,-0.09,0.018,0.017,0.105,0.021,0.045,-0.064,0.026,0.046,0.061,0.013,0.047,0.069,0.011,0.026,-0.012,0.061,-0.001,-0.007,0.016,0.001,-0.098,0.009,-0.04,0.009,-0.037,-0.06,-0.011,0.087,-0.069,-0.036,-0.122,-0.084,-0.078,0.022,-0.047,-0.058,-0.074,-0.074,0.003,0,-0.012,0.029,0.01,-0.04,0.025,0.052,0.023,-0.039,-0.048,-0.024,0.039,-0.007,-0.025,-0.002,0.014,0.044,-0.004,-0.04,0.026,0.024,0.046,-0.042,-0.007,0.045,0.088,0.102,-0.03,0.012,0.022,-0.04,-0.061,-0.788,0.045,-0.009,-0.023,0.035,-0.04,-0.053,-0.03,-0.109,-0.068,-0.067,-0.009,0.024,0.03,0.041,0.055,0.002,-0.007,-0.032,0.044
"THOUGHT12",0.049,0.003,0.002,-0.004,-0.074,-0.057,-0.067,0.026,-0.008,-0.072,-0.059,0.02,-0.018,0.01,0.049,0.044,0.042,-0.013,0.034,-0.028,0.03,0.044,0.001,-0.022,0.054,-0.03,-0.061,-0.052,0.031,-0.024,-0.084,-0.038,-0.021,-0.065,-0.042,-0.105,-0.03,-0.026,-0.017,-0.028,0.02,0.014,0.123,-0.065,-0.162,0.006,-0.015,-0.049,0.055,-0.029,0.02,-0.009,-0.09,-0.012,0,0.147,-0.056,-0.115,0.071,-0.003,-0.078,-0.028,-0.001,0.07,0.059,0.011,0.016,-0.032,0.082,-0.09,0.032,-0.026,0.048,0.019,0.001,0.047,0.072,0.149,0.055,0.089,-0.001,0.076,0.01,0.065,0.031,0.306,0.103,-0.063,-0.032,-0.011,0.014,0.017,-0.071,-0.007,0.005,-0.031,0.032,-0.007,0.045,-0.003,0.087,-0.005,-0.028,0.015,0.057
"THOUGHT13",-0.027,0.024,0.018,0.008,-0.04,-0.048,-0.023,-0.001,-0.022,-0.022,-0.007,0.063,0.011,0.025,0.071,-0.009,0.035,-0.022,0.043,-0.041,0.035,0.066,-0.007,0.018,0.062,-0.005,-0.039,-0.023,0.037,0.002,-0.074,0.012,-0.046,-0.024,-0.042,-0.097,-0.053,-0.01,0.012,-0.038,0.048,0.043,0.096,-0.03,-0.13,0.034,-0.041,-0.038,-0.06,-0.077,-0.009,0.088,-0.034,0.029,0.147,0,-0.009,-0.094,0.034,0.002,0.025,-0.038,-0.008,0.089,0.138,0.002,-0.006,-0.006,0.106,-0.013,0.039,-0.066,0.032,-0.01,0.058,0.013,0.066,-0.006,0.019,-0.009,0.013,0.067,0.018,0.054,0.027,-0.744,0.135,-0.07,-0.041,-0.033,-0.005,-0.01,-0.113,-0.041,-0.071,-0.037,-0.017,-0.033,0.036,0.004,0.121,-0.007,-0.087,-0.025,0.072
"THOUGHT14",0.004,0.011,-0.019,0.008,0.012,-0.074,-0.024,0.016,0.014,0.011,0.034,0.028,0.046,-0.099,-0.039,-0.064,-0.02,-0.03,0.002,-0.02,-0.061,0.233,0.063,0.105,-0.007,0.1,0.111,0.079,0.029,0.082,0.082,0.053,-0.032,-0.045,-0.077,-0.075,-0.116,0.112,-0.001,-0.074,0.064,-0.012,-0.017,-0.035,-0.074,-0.018,-0.025,0.047,0,-0.033,-0.041,-0.012,0.019,0.01,-0.056,-0.009,0,0.073,-0.042,-0.024,0.04,-0.042,0.01,-0.055,0.035,0.015,-0.043,-0.005,-0.006,-0.105,-0.063,-0.012,0.053,0.019,0.072,0.019,-0.02,0,0.017,0.045,-0.033,0.079,0.061,0.277,-0.044,-0.768,0.004,-0.02,-0.038,0.006,-0.001,-0.034,-0.03,-0.017,0,-0.03,-0.023,0.008,-0.011,-0.002,-0.012,0.054,0.009,-0.013,0.043
"THOUGHT15",-0.021,0.057,0.079,0.007,0.024,0.019,0.022,0.115,0.121,0.042,0.026,-0.01,0.135,-0.025,0.041,-0.038,-0.011,0.009,0.092,0.08,0.016,0.246,0.096,0.103,0.091,0.083,0.083,0.072,-0.028,0.022,0.089,0.011,0.002,-0.039,-0.098,-0.111,-0.06,-0.02,-0.083,-0.093,-0.016,-0.038,-0.061,-0.054,-0.087,-0.084,-0.047,-0.033,-0.14,-0.071,-0.116,-0.064,0.342,-0.04,-0.115,-0.094,0.073,0,-0.031,-0.016,-0.08,-0.016,0.014,-0.002,0.016,-0.012,-0.035,-0.02,-0.029,-0.124,-0.075,-0.065,-0.092,-0.075,-0.024,0.043,-0.05,-0.091,-0.059,-0.117,-0.032,-0.033,0.004,-0.975,0.024,-0.785,-0.024,-0.03,-0.1,-0.005,-0.058,-0.093,-0.046,-0.093,-0.05,-0.088,-0.037,0.012,0.021,-0.007,-0.033,-0.072,0.008,-0.041,0.044
"ATTENT1",0.09,0.018,-0.001,-0.014,-0.1,0.049,0.071,0.014,0.013,-0.032,-0.02,0.007,-0.057,0.046,0.032,0.001,-0.045,0.013,0.036,-0.056,0.005,0.002,0.041,-0.024,0.057,-0.035,-0.07,-0.069,0,-0.017,-0.075,-0.041,0.096,0.001,0.03,-0.016,-0.02,0.026,0.073,0.079,0.098,0.196,0.161,0.021,-0.005,-0.061,0.034,0.028,0.095,0.032,0.065,-0.06,-0.014,0.025,0.071,0.034,-0.042,-0.031,0,-0.031,-0.131,-0.047,-0.057,-0.043,-0.057,-0.074,-0.006,-0.072,-0.065,0.16,0.05,0.015,-0.024,0.043,-0.077,0.071,-0.043,0.046,0.012,0.022,-0.016,0.007,0.102,0.131,-0.083,-0.811,0.035,0.029,-0.014,0.093,0.011,-0.004,0.051,0.043,-0.037,-0.025,0.014,-0.037,-0.023,0.022,0.006,-0.056,-0.001,-0.046,0.07
"ATTENT2",0.024,-0.023,-0.046,-0.03,-0.093,-0.006,0.022,-0.01,-0.036,-0.037,-0.021,-0.029,-0.053,0.081,-0.012,-0.012,0.001,-0.056,0.063,-0.035,-0.026,0.017,0.002,0.012,0.054,0.031,-0.021,-0.021,-0.008,0.014,-0.026,-0.028,0.005,0.009,-0.035,-0.031,-0.037,0.01,-0.023,-0.007,0.059,0.033,-0.004,0.028,-0.058,-0.052,0.002,0.011,-0.029,-0.032,-0.032,-0.051,0,0.052,-0.003,0.002,-0.024,-0.016,-0.031,0,-0.077,0.031,-0.057,-0.041,-0.001,-0.102,0.021,-0.001,-0.075,0.018,0.067,0.073,0.041,0.094,0.049,0.052,0.05,0.006,0.027,0.005,-0.019,-0.018,0.005,-0.041,0.032,-0.071,0.059,0.091,-0.013,0.065,0.055,0.004,0.056,0.066,-0.034,-0.049,-0.028,0.023,0.029,0.003,-0.007,0.004,-0.014,-0.019,0.05
"ATTENT3",-0.019,-0.022,-0.121,0.005,0.046,0.001,-0.043,-0.029,-0.107,-0.067,-0.02,-0.025,-0.034,-0.036,-0.106,-0.088,-0.011,-0.153,-0.086,-0.077,-0.172,0.024,-0.012,-0.086,-0.047,0.036,0.017,-0.002,-0.044,0.007,0,-0.007,-0.046,-0.038,-0.001,0.14,-0.004,0.011,-0.047,-0.023,-0.059,-0.025,-0.054,0.044,-0.102,-0.021,-0.023,0.08,0.055,0.062,-0.063,-0.055,-0.042,0.023,-0.078,0.025,0.04,-0.08,-0.131,-0.077,0,-0.178,-0.072,-0.212,-0.086,-0.048,-0.179,-0.155,-0.184,0.051,0.105,0.114,0.124,0.161,0.173,0.05,0.032,0.111,0.068,0.013,0.09,0.119,-0.032,-0.963,0.001,0.073,0.093,0.175,0.203,0.14,0.012,0.073,0.098,0.069,0.101,0.086,0.008,0.06,0.017,0.037,0.029,0.215,0.061,0.123,0.128
"ATTENT4",-0.023,-0.04,-0.058,-0.065,-0.174,-0.079,-0.038,-0.043,-0.062,-0.115,-0.087,-0.063,-0.124,0.004,-0.078,-0.078,-0.083,-0.094,-0.032,-0.113,-0.073,-0.009,-0.03,-0.039,-0.018,-0.065,-0.058,-0.114,-0.002,-0.035,-0.11,-0.058,-0.012,-0.069,-0.081,-0.122,-0.146,-0.022,-0.046,-0.078,0.034,0.006,0.079,0.069,-0.123,-0.066,0.038,-0.037,-0.087,-0.079,0.019,-0.077,-0.012,-0.039,-0.028,-0.038,-0.042,-0.016,-0.047,0.031,-0.178,0,0.092,-0.026,-0.002,-0.122,0.043,0.103,-0.061,-0.027,0.008,0.026,0.023,0.027,-0.012,-0.019,-0.001,-0.01,-0.02,0.012,-0.051,-0.078,-0.005,-0.1,-0.082,-0.084,-0.032,-0.036,-0.088,0.004,0,-0.058,-0.034,0.1,-0.035,-0.112,-0.084,-0.085,-0.069,-0.108,-0.079,-0.048,-0.075,-0.114,0.05
"ATTENT5",0.014,-0.039,-0.072,-0.056,-0.125,-0.068,-0.054,0.03,-0.043,-0.056,-0.115,-0.022,-0.103,-0.032,-0.091,-0.082,-0.088,-0.144,-0.153,-0.104,-0.122,0.023,-0.031,-0.044,-0.065,-0.05,-0.055,-0.095,-0.039,-0.045,-0.087,-0.026,0.006,-0.056,-0.057,-0.08,-0.089,0.027,-0.055,-0.065,0.017,-0.02,0.048,0.091,-0.152,-0.059,0.149,0.023,-0.026,0.001,0.067,-0.065,0.038,-0.048,-0.001,-0.008,0.01,0.014,-0.057,-0.057,-0.072,0.092,0,-0.115,-0.079,-0.01,-0.079,0.039,-0.136,-0.135,0.062,0.082,0.078,0.049,0.04,0.016,0.036,-0.007,0.021,0.036,0.01,0.035,-0.01,-1.072,-0.078,-0.857,-0.008,0.029,-0.029,0.104,0.058,0.011,0.033,0.146,0.014,-0.034,-0.01,-0.043,-0.025,-0.082,-0.02,0.023,-0.019,-0.073,0.157
"ATTENT6",0.146,0.052,0.035,0.072,-0.045,-0.013,0.03,0.081,0.079,0.068,0.034,-0.004,-0.015,0.105,0.089,0.094,0.074,0.114,0.163,0.022,0.102,0.057,0.05,0.13,0.171,0.028,-0.011,-0.055,0.093,0.043,-0.064,-0.015,0.093,0.081,-0.082,-0.06,-0.002,0.008,-0.028,-0.059,0.083,0.038,0.116,0.079,-0.008,-0.018,0.076,-0.038,-0.116,-0.094,0.073,0.048,0.001,-0.024,0.07,0.089,-0.055,-0.002,-0.043,-0.041,-0.212,-0.026,-0.115,0,0.13,-0.185,-0.056,-0.059,0.161,-0.877,0.015,-0.079,-0.017,-0.024,-0.027,-0.024,-0.005,-0.027,-0.062,-0.018,-0.083,-0.06,0.026,-0.934,-0.085,-0.732,-0.073,-0.098,-0.119,-0.017,-0.022,-0.069,-0.097,-0.028,-0.091,-0.11,-0.035,-0.11,-0.02,0.025,0.05,-0.062,-0.107,-0.149,0.016
"ATTENT7",0.006,0.027,0.003,0.04,0.03,-0.048,0.058,0.037,0.04,0.064,0.05,-0.002,0.044,-0.024,0.122,0.004,0.052,0.03,0.076,-0.023,0.082,0.086,0.027,0.059,0.058,0.035,0,-0.017,0.018,0.048,-0.032,-0.02,-0.052,0.004,-0.075,-0.101,-0.05,0.062,-0.006,-0.048,0.136,0.055,0.046,0.091,-0.016,-0.033,0.078,0.066,0.047,-0.013,0.082,-0.01,0.019,0.039,0.059,0.138,0.035,0.016,-0.057,-0.001,-0.086,-0.002,-0.079,0.13,0,-0.116,-0.074,0.035,0.202,-0.031,-0.054,-0.08,0.007,-0.043,0.034,-0.005,-0.009,0.151,-0.008,-0.033,-0.082,0,-0.016,-0.992,-0.11,-0.819,-0.058,-0.095,-0.1,-0.002,-0.053,-0.082,-0.118,-0.062,-0.087,-0.11,-0.107,-0.043,-0.018,-0.016,-0.046,-0.053,-0.092,-0.131,0.001
"ATTENT8",-0.049,-0.032,-0.091,-0.036,-0.103,-0.006,0.023,0.007,-0.055,-0.037,-0.077,0.033,-0.06,-0.048,-0.024,-0.054,-0.038,-0.165,-0.062,-0.064,-0.048,0.037,-0.012,-0.057,-0.013,-0.043,-0.06,-0.085,-0.049,-0.021,-0.078,-0.053,-0.076,-0.084,0.018,-0.041,-0.008,0.063,-0.007,0.015,0.034,-0.028,-0.005,0.023,0,-0.015,0.039,0.063,0.032,0.021,0.035,-0.047,-0.002,-0.007,0.011,0.002,0.015,-0.012,-0.074,-0.102,-0.048,-0.122,-0.01,-0.185,-0.116,0,-0.125,-0.072,-0.17,-0.153,0.127,0.153,0.141,0.12,0.043,0.113,0.119,0.031,0.074,0.06,0.076,0.05,0.001,-0.206,-0.004,0.022,0.124,0.088,0.085,0.113,0.073,0.073,0.088,0.132,0.089,0.112,0.049,0.064,0.022,-0.008,0.026,0.091,0.07,0.078,0.137
"ATTENT9",-0.015,-0.028,0.073,-0.011,-0.203,-0.012,0.037,-0.019,-0.068,-0.101,-0.052,0.009,-0.112,0.067,-0.04,0.02,0.03,-0.054,0.01,-0.036,-0.012,-0.008,0.018,-0.024,0.018,-0.074,-0.049,-0.099,0.03,0,-0.091,0.003,-0.004,-0.054,0.011,-0.088,-0.071,-0.045,0.052,0.038,0.103,0.045,0.104,-0.016,-0.05,-0.008,-0.007,-0.003,0.052,0.002,0.005,-0.035,-0.006,-0.025,0.016,-0.006,-0.043,-0.035,-0.006,0.021,-0.179,0.043,-0.079,-0.056,-0.074,-0.125,0,0.008,-0.051,0.059,0.064,0.104,0.123,0.111,0.071,0.018,0.104,0.084,0.081,0.115,0.087,-0.006,0.042,0.157,0.095,0.289,0.062,-0.02,0.017,-0.011,0.066,0.022,0.02,0.208,0.036,-0.009,0.004,-0.022,-0.028,-0.023,0.013,0.03,-0.018,0.028,0.019
"ATTENT10",-0.045,-0.036,-0.071,-0.045,-0.14,-0.082,-0.007,-0.027,-0.049,-0.05,-0.027,-0.06,-0.08,-0.04,-0.05,-0.076,-0.069,-0.068,-0.011,-0.089,-0.046,0.01,0.007,-0.035,0.002,-0.035,-0.041,-0.102,-0.01,0.002,-0.077,-0.028,-0.059,-0.072,-0.099,-0.109,-0.122,0.015,-0.035,-0.067,0.052,0.009,0.052,0.037,-0.11,-0.062,0.036,0.035,-0.013,-0.004,0.016,-0.074,-0.002,-0.002,-0.032,-0.006,-0.005,-0.02,-0.072,-0.001,-0.155,0.103,0.039,-0.059,0.035,-0.072,0.008,0,-0.025,-0.058,0.017,0.036,0.033,0.038,0.022,-0.017,-0.004,-0.039,-0.002,-0.021,-0.048,-0.015,-0.02,-0.129,-0.106,-0.107,-0.012,-0.029,-0.079,0.019,-0.032,-0.086,-0.017,0.08,-0.074,-0.084,-0.076,-0.034,-0.037,-0.065,-0.063,-0.024,-0.052,-0.089,0.072
"ATTENT11",0.021,0.054,0.016,0.034,-0.037,-0.044,0.012,0.03,0.042,0.01,0.025,0.003,-0.017,0.034,0.104,0.11,0.093,0.096,0.123,-0.009,0.08,0.054,0.056,0.1,0.137,0,0.011,-0.013,0.095,0.053,-0.048,0.022,0.017,-0.021,-0.058,-0.089,-0.05,0.036,0.003,-0.045,0.117,0.059,0.119,0.035,-0.057,0.022,0.095,0.034,-0.002,-0.03,0.109,0.05,0.006,0.014,0.082,0.106,-0.006,-0.029,-0.065,-0.075,-0.184,-0.061,-0.136,0.161,0.202,-0.17,-0.051,-0.025,0,0.177,0.007,-0.061,-0.006,-0.01,0.028,-0.019,-0.003,-0.008,0.012,0.066,-0.034,-0.04,0.011,0.236,0,-0.753,0.022,-0.092,-0.106,-0.052,0.008,-0.036,-0.109,-0.026,-0.043,-0.056,-0.034,-0.043,0.005,0.007,0.025,-0.04,-0.045,-0.101,0.018
"RULE_BR1",-0.084,0.176,0.252,-0.01,-0.035,0.034,-0.02,0.011,-0.077,-0.098,-0.101,0.191,-0.087,0.162,0.067,-0.035,-0.024,-0.07,-0.044,-0.227,-0.115,0.101,0.048,0.108,0.069,-0.07,-0.039,-0.05,0.028,0.065,-0.159,0.009,0.116,-0.058,0.078,-0.07,0.007,-0.221,-0.049,0.005,-0.215,0.013,0.187,-0.018,0.171,-0.812,0.019,0.006,-0.764,0.139,-0.03,0.144,-0.16,0.044,-0.09,-0.013,-0.105,-0.124,0.16,0.018,0.051,-0.027,-0.135,-0.877,-0.031,-0.153,0.059,-0.058,0.177,0,-0.162,-0.162,0.046,-0.14,-0.004,0.126,-0.826,-0.809,0.017,0.074,-0.005,0.241,0.08,0.592,-0.813,-0.568,0.025,0.132,-0.021,-0.045,-0.111,0.027,-0.056,-0.006,0.104,0.161,-0.048,-0.064,0.075,-0.18,-0.12,0.017,0.019,0.026,-0.289
"RULE_BR2",-0.006,-0.055,-0.119,-0.078,-0.114,0.053,-0.078,-0.02,-0.118,-0.181,-0.087,-0.046,-0.158,0.08,0.008,0.052,0.093,-0.074,-0.015,-0.062,-0.031,-0.029,-0.035,-0.076,0.073,-0.051,-0.044,-0.101,0.006,0,-0.099,-0.047,-0.028,-0.084,0.106,0.113,0.002,-0.045,-0.088,0.018,-0.041,-0.001,0.014,-0.023,-0.035,-0.045,-0.027,-0.029,0.026,0.075,0.027,-0.064,-0.026,-0.004,0.032,0.039,-0.063,-0.075,0.05,0.067,0.105,0.008,0.062,0.015,-0.054,0.127,0.064,0.017,0.007,-0.162,0,-0.01,-0.051,0.008,-0.069,-0.117,-0.001,-0.192,-0.055,-0.079,-0.069,-0.09,-0.031,-0.202,-0.127,0.105,-0.033,0.026,0.1,-0.015,-0.031,0.016,0.091,0.058,0.026,0.021,-0.016,-0.021,-0.065,-0.098,0.01,0.039,-0.027,0.013,-0.047
"RULE_BR3",-0.031,-0.042,-0.08,-0.083,-0.178,0.019,-0.047,-0.051,-0.134,-0.123,-0.091,0.025,-0.131,-0.024,-0.096,-0.013,0.012,-0.133,-0.112,-0.054,-0.1,0.014,-0.062,-0.073,-0.015,-0.067,-0.032,-0.078,-0.047,-0.004,-0.074,0.003,-0.086,-0.097,0.064,0.049,-0.014,-0.043,-0.052,-0.009,-0.077,-0.048,-0.027,-0.066,-0.003,-0.035,-0.064,0.001,-0.014,0.027,-0.037,-0.058,-0.066,-0.04,-0.026,-0.066,-0.012,-0.065,0.015,0.073,0.114,0.026,0.082,-0.079,-0.08,0.153,0.104,0.036,-0.061,-0.162,-0.01,0,-0.022,0.018,-0.124,-0.097,-0.062,-0.116,-0.006,-0.067,-0.048,-0.124,-0.037,-0.134,-0.208,-0.897,-0.087,0.002,0.038,-0.078,0.002,0.017,0.144,0.175,0.045,0.024,-0.05,-0.057,-0.134,-0.144,-0.074,0.008,-0.031,0.014,-0.069
"RULE_BR4",-0.032,-0.035,-0.042,-0.006,-0.109,-0.018,-0.063,-0.035,-0.14,-0.018,-0.035,0.002,-0.124,0.005,-0.031,0.02,0.072,-0.077,-0.064,-0.023,-0.088,0.049,-0.001,-0.09,-0.007,0.002,-0.028,-0.071,0.016,0.005,-0.067,0.008,-0.026,-0.051,0.061,0.019,-0.025,0.031,0.088,0.041,-0.019,-0.011,-0.055,-0.014,-0.032,0.028,-0.009,0.016,0.032,0.046,0.008,0.016,-0.075,0.026,0.048,0.032,0.053,-0.092,-0.024,0.041,0.124,0.023,0.078,-0.017,0.007,0.141,0.123,0.033,-0.006,0.046,-0.051,-0.022,0,0.012,0.055,-0.173,0.047,-0.076,-0.048,-0.001,0.045,-0.017,-0.055,-1.021,-0.216,0.224,0.043,-0.024,0.1,-0.035,-0.008,-0.018,-0.041,0.163,0.163,-0.029,-0.062,-0.066,-0.081,-0.147,-0.055,0.06,-0.075,-0.014,-0.049
"RULE_BR5",0.032,-0.028,-0.116,-0.049,-0.149,0.033,-0.045,-0.039,-0.124,-0.118,-0.049,0.001,-0.119,0.003,-0.092,-0.02,0.12,-0.11,-0.074,-0.036,-0.102,0.033,-0.005,-0.047,0.005,-0.014,-0.011,-0.068,0.019,0.032,-0.046,0.019,-0.049,-0.077,0.05,0.076,-0.006,0.006,-0.01,0.016,-0.034,-0.001,-0.012,-0.056,-0.083,-0.001,-0.06,0.039,0.082,0.087,-0.029,-0.056,-0.051,0.024,0.019,-0.01,0.019,-0.075,0.043,0.094,0.161,0.027,0.049,-0.024,-0.043,0.12,0.111,0.038,-0.01,-0.14,0.008,0.018,0.012,0,-0.072,-0.134,0.075,0.015,0.15,0.132,-0.067,-0.074,-0.041,-0.07,-0.162,-0.88,-0.035,-0.01,0.054,-0.065,-0.007,0.014,0.071,0.073,0.023,-0.009,-0.054,-0.057,-0.107,-0.097,0.025,0.026,-0.077,-0.007,-0.076
"RULE_BR6",-0.026,0.038,0,0.025,0.083,-0.001,-0.036,-0.007,-0.061,0.023,0.071,-0.025,-0.005,0.046,0.086,0.064,0.104,-0.024,0.065,0.004,0.028,0.026,0.019,0.019,0.052,0.035,0.052,-0.006,0.02,0.071,0.02,0.045,0.014,0.011,0.037,0.03,-0.019,0.049,0.022,0.038,0.047,0.196,-0.017,0.021,-0.031,0.004,0.006,0.067,0.044,0.036,0.06,-0.086,0.023,0.046,0.001,0.058,0.072,-0.024,-0.077,0.049,0.173,-0.012,0.04,-0.027,0.034,0.043,0.071,0.022,0.028,-0.004,-0.069,-0.124,0.055,-0.072,0,-0.154,-0.047,-0.055,-0.134,-0.108,-0.028,0.015,-0.028,0.076,0.006,-0.821,-0.08,-0.044,-0.002,-0.011,-0.044,-0.044,-0.107,0.006,-0.012,-0.049,-0.049,-0.044,-0.042,-0.086,-0.022,0.059,-0.097,-0.012,0.008
"RULE_BR7",0.071,0.01,0.127,0.044,-0.015,0.135,0.133,0.055,0.019,0.028,0.031,0.24,0.001,0.079,0.041,0.086,0.038,-0.063,0.007,0.088,0.041,0.019,0.091,-0.027,-0.023,-0.066,0.001,0.033,-0.116,0.059,-0.017,0.147,-0.094,-0.032,0.089,-0.045,0.016,-0.027,-0.002,-0.001,-0.074,-0.001,0.138,0.005,0.232,0.044,0.029,0.015,0.079,0.136,0.037,0.094,0.027,-0.042,0.047,0.013,0.019,0.043,0.071,0.052,0.05,-0.019,0.016,-0.024,-0.005,0.113,0.018,-0.017,-0.019,0.126,-0.117,-0.097,-0.173,-0.134,-0.154,0,-0.036,0.022,-0.067,-0.075,-0.048,0.034,-0.021,0.192,0.068,-0.689,-0.091,-0.052,-0.009,-0.066,-0.038,-0.043,-0.018,-0.069,0.04,0.044,0.044,0.005,0.012,-0.075,-0.037,-0.014,-0.006,0.026,-0.084
"RULE_BR8",-0.004,-0.081,0.015,-0.044,-0.123,-0.018,-0.01,-0.008,-0.102,-0.103,-0.049,0.111,-0.089,-0.072,-0.057,-0.013,0.069,-0.138,0.063,-0.05,-0.005,0.023,-0.069,-0.01,-0.025,-0.122,-0.127,-0.052,0.039,-0.074,-0.099,-0.046,-0.038,-0.05,-0.058,-0.056,-0.024,0.01,0.028,0.034,0.033,0.025,0.064,0.01,0.154,0.212,-0.04,-0.05,0.176,0.233,0.012,0.08,-0.003,-0.007,0.072,0.066,-0.02,-0.05,-0.043,0.05,0.032,-0.001,0.036,-0.005,-0.009,0.119,0.104,-0.004,-0.003,-0.826,-0.001,-0.062,0.047,0.075,-0.047,-0.036,0,0.135,0.116,0.15,0.072,0.025,-0.096,-0.897,-0.068,-0.659,0.052,-0.096,0.04,-0.049,0.076,0.045,-0.02,0.063,0.005,-0.004,-0.039,-0.094,-0.137,-0.157,0.019,0.029,-0.05,0,-0.1
"RULE_BR9",0.052,0.04,0.012,-0.031,-0.269,-0.03,-0.013,0.03,-0.105,-0.142,-0.041,0.134,-0.139,-0.01,0.019,-0.025,0.143,-0.153,0.029,-0.129,-0.062,0.071,-0.05,-0.057,0.009,0.01,0.087,-0.053,0.051,0.128,-0.049,0.155,-0.001,-0.171,0.038,-0.036,-0.072,0.022,0.047,-0.001,0.024,-0.05,0.011,-0.082,0.171,0.113,0.001,0.026,0.287,0.356,0.016,0.133,-0.014,0.045,0.149,-0.006,0,-0.091,0.046,0.006,0.111,-0.01,-0.007,-0.027,0.151,0.031,0.084,-0.039,-0.008,-0.809,-0.192,-0.116,-0.076,0.015,-0.055,0.022,0.135,0,0.091,-0.043,-0.072,0.367,0.072,-0.929,-0.105,-0.647,-0.036,-0.164,-0.013,-0.068,-0.01,0.068,-0.091,-0.025,0.037,-0.047,0.012,-0.208,-0.145,-0.145,-0.287,0.111,-0.187,0.023,-0.03
"RULE_BR10",0.011,-0.108,-0.1,-0.069,-0.173,0.034,-0.023,-0.047,-0.142,-0.138,-0.092,0.032,-0.12,-0.055,-0.062,-0.015,0.137,-0.129,-0.075,-0.054,-0.059,-0.01,-0.013,-0.086,-0.021,-0.072,-0.043,-0.068,-0.045,-0.03,-0.079,-0.028,-0.109,-0.112,0.015,0.018,-0.032,-0.013,0.007,-0.007,-0.082,-0.034,-0.051,-0.101,0.055,0.027,-0.061,0.023,0.045,0.091,-0.051,0.014,-0.036,0.088,0.055,0.019,0.017,-0.059,0.012,0.027,0.068,-0.02,0.021,-0.062,-0.008,0.074,0.081,-0.002,0.012,0.017,-0.055,-0.006,-0.048,0.15,-0.134,-0.067,0.116,0.091,0,0.252,-0.034,0.011,0.068,-0.038,-0.176,-0.761,0.061,-0.063,0.033,-0.101,0.061,0.096,0.04,0.015,0.004,-0.018,-0.045,-0.08,-0.14,-0.128,0.025,0.007,-0.094,0.032,-0.094
"RULE_BR11",-0.001,-0.072,-0.067,-0.063,-0.146,0.002,-0.053,-0.046,-0.175,-0.095,-0.086,0.005,-0.135,-0.02,-0.066,-0.004,0.099,-0.141,-0.067,-0.082,-0.038,0.019,-0.034,0.022,-0.053,-0.07,-0.046,-0.117,-0.004,0.014,-0.115,-0.038,-0.069,-0.081,0.041,-0.042,-0.048,-0.009,0.029,-0.011,-0.032,0.026,-0.011,-0.107,0.066,0.067,-0.032,-0.037,0.071,0.044,0.042,0.04,-0.028,0.102,0.089,-0.009,0.045,-0.117,0.022,0.005,0.013,0.012,0.036,-0.018,-0.033,0.06,0.115,-0.021,0.066,0.074,-0.079,-0.067,-0.001,0.132,-0.108,-0.075,0.15,-0.043,0.252,0,-0.039,-0.079,0.029,0.047,-0.123,-0.734,0.033,-0.115,-0.011,-0.104,0.064,0.073,-0.044,0.078,0.072,-0.039,-0.067,-0.112,-0.141,-0.162,0.033,-0.007,-0.134,-0.005,-0.099
"RULE_BR12",-0.009,-0.032,0.028,-0.024,-0.109,0.065,0.011,-0.004,-0.075,-0.032,-0.044,0.178,-0.053,0.072,-0.005,0.017,0.072,-0.121,-0.001,0.033,-0.03,0.005,-0.034,-0.037,0.037,-0.026,-0.02,-0.009,0.025,0.001,-0.061,0.043,-0.048,-0.08,0.057,0.005,0.02,-0.065,-0.02,0.007,-0.104,-0.084,-0.01,-0.028,0.003,0.039,-0.032,0.001,0.059,0.134,0.011,0.017,-0.003,-0.03,-0.001,0.013,-0.033,-0.032,-0.016,-0.019,0.09,-0.051,0.01,-0.083,-0.082,0.076,0.087,-0.048,-0.034,-0.005,-0.069,-0.048,0.045,-0.067,-0.028,-0.048,0.072,-0.072,-0.034,-0.039,0,0.076,-0.004,-0.053,0.02,0.353,-0.012,0.006,0.089,-0.049,0.025,0.053,0.013,0.054,0.072,0.069,0.065,-0.017,-0.047,-0.1,0.041,0.077,0.041,0.122,-0.028
"RULE_BR13",0.055,0.068,0.051,-0.053,-0.083,0.037,0.032,0.025,-0.029,-0.006,-0.087,0.135,-0.031,0.068,-0.014,0.02,0.105,-0.124,0.066,0.016,-0.035,0.059,0.047,0.02,-0.053,-0.005,0.03,-0.039,-0.02,0.051,0.006,0.019,0.006,-0.048,0.066,0.019,0.029,0.024,0.003,-0.024,0.016,0.019,-0.003,0.038,0.062,0.041,-0.011,0.014,0.304,0.384,-0.022,0.032,0.048,0.012,0.076,0.067,0.079,-0.033,0.007,-0.018,0.119,-0.078,0.035,-0.06,0,0.05,-0.006,-0.015,-0.04,0.241,-0.09,-0.124,-0.017,-0.074,0.015,0.034,0.025,0.367,0.011,-0.079,0.076,0,0.06,0.211,-0.075,-0.681,-0.107,-0.06,0.001,-0.003,-0.003,-0.034,-0.069,-0.054,0.016,-0.06,-0.002,-0.137,-0.101,-0.16,-0.122,0.061,-0.052,0.07,0.023
"RULE_BR14",0.086,0.046,0.031,0.003,-0.061,0.014,0.031,-0.011,0.006,0.054,-0.009,0.053,0.007,-0.069,-0.054,0.051,-0.04,-0.007,0.04,-0.048,-0.011,0.042,0.02,-0.019,0.027,0.014,-0.014,0.025,0.076,0.028,0.055,0.013,0.033,-0.023,-0.001,0.02,0.051,0.031,0.006,-0.002,0,0.072,0.034,-0.004,0.093,0.053,0.015,0.027,-0.135,-0.027,0.014,-0.065,0.003,0.022,0.01,0.018,0.061,0.004,0.102,0.005,-0.032,-0.005,-0.01,0.026,-0.016,0.001,0.042,-0.02,0.011,0.08,-0.031,-0.037,-0.055,-0.041,-0.028,-0.021,-0.096,0.072,0.068,0.029,-0.004,0.06,0,0.308,0.094,-0.648,0.025,-0.056,-0.033,0.009,0.003,0.037,-0.038,-0.003,0.007,-0.001,-0.016,-0.039,-0.002,-0.006,0.001,-0.038,-0.01,-0.028,-0.04
"RULE_BR15",0.012,-0.021,0.166,0.091,-0.057,-0.032,-0.017,-0.106,-0.103,0.112,-0.235,-0.868,-0.177,0.043,-0.011,0.06,-0.018,-0.925,-0.906,-1.004,0.084,0.03,0.103,0.215,0.156,-0.871,-0.024,0.074,0.267,-0.836,-0.922,-0.784,-0.997,-1.005,0.177,-1.052,0.055,-0.938,-1.01,-0.025,-0.98,-0.034,0.121,-0.202,-0.858,-0.853,0.008,-0.08,-0.776,-0.788,0.02,0.307,-0.929,-0.04,0.065,0.054,0.277,-0.975,0.131,-0.041,-0.963,-0.1,-1.072,-0.934,-0.992,-0.206,0.157,-0.129,0.236,0.592,-0.202,-0.134,-1.021,-0.07,0.076,0.192,-0.897,-0.929,-0.038,0.047,-0.053,0.211,0.308,0,-0.924,-0.574,0.099,-0.186,-0.038,-0.044,-0.1,-0.118,-0.121,0.063,-1.021,0.139,-0.147,-0.095,-0.025,0.074,0.014,-0.065,-0.073,0.014,-1.08
"RULE_BR16",0.054,0.025,0.28,0.036,0.009,0.042,0.026,0.031,-0.046,0.089,0.049,0.079,-0.003,0.059,-0.068,0.079,0.053,-0.026,0.16,0.134,0.024,0.141,0.123,0.103,0.159,-0.008,-0.033,0.221,0.139,0.086,0.129,0.172,0.031,-0.038,0.031,0.085,0.053,-0.026,0.048,-0.012,-0.074,-0.07,-0.095,0.046,-0.123,0.036,0.025,-0.051,0.022,0.035,0.028,-0.074,0.153,-0.061,0.031,0.027,-0.044,0.024,-0.083,0.032,0.001,-0.082,-0.078,-0.085,-0.11,-0.004,0.095,-0.106,0,-0.813,-0.127,-0.208,-0.216,-0.162,0.006,0.068,-0.068,-0.105,-0.176,-0.123,0.02,-0.075,0.094,-0.924,0,-0.654,-0.04,-0.048,-0.013,-0.01,-0.077,-0.002,-0.034,0.002,-0.026,0.062,0.043,-0.097,0.008,0.023,0.06,-0.047,-0.035,0.022,-0.011
"RULE_BR17",-0.77,0.346,0.449,0.246,0.073,-0.786,-0.782,-0.814,0.077,-0.724,0.168,0.419,0.172,0.23,-0.784,-0.756,0.157,0.336,-0.728,0.329,-0.735,-0.776,-0.742,0.345,0.312,0.337,0.074,0.208,0.468,0.392,0.105,-0.681,-0.801,0.161,-0.792,0.047,0.278,-0.776,-0.795,-0.769,-0.778,-0.791,-0.731,0.019,-0.653,0.476,-0.767,0.065,-0.633,-0.647,-0.748,0.494,-0.754,-0.788,0.306,-0.744,-0.768,-0.785,-0.811,-0.071,0.073,-0.084,-0.857,-0.732,-0.819,0.022,0.289,-0.107,-0.753,-0.568,0.105,-0.897,0.224,-0.88,-0.821,-0.689,-0.659,-0.647,-0.761,-0.734,0.353,-0.681,-0.648,-0.574,-0.654,0,-0.717,-0.129,0.223,-0.854,0.194,0.178,0.18,-0.826,0.293,0.391,0.267,0.363,0.209,0.124,-0.748,-0.792,0.014,0.422,0.264
"RULE_BR18",-0.025,-0.062,-0.062,-0.018,-0.207,-0.005,-0.08,-0.037,-0.079,-0.123,-0.095,-0.058,-0.122,0.014,-0.029,0.015,0.056,-0.109,0.026,-0.018,-0.059,0.071,-0.115,-0.045,0.04,-0.08,0.015,-0.03,-0.019,-0.04,-0.075,-0.036,-0.085,-0.088,0.031,0.027,-0.027,0.028,0.014,-0.022,-0.007,-0.054,-0.058,-0.034,-0.019,0.123,-0.009,-0.026,0.124,0.075,0.042,0.146,-0.025,0.045,0.103,0.135,0.004,-0.024,0.035,0.059,0.093,-0.032,-0.008,-0.073,-0.058,0.124,0.062,-0.012,0.022,0.025,-0.033,-0.087,0.043,-0.035,-0.08,-0.091,0.052,-0.036,0.061,0.033,-0.012,-0.107,0.025,0.099,-0.04,-0.717,0,-0.088,0.071,-0.097,0.128,0.161,-0.053,0.006,0.067,0.029,-0.033,-0.109,-0.116,-0.143,0.03,0.056,-0.089,0.032,-0.036
"AGGRESS1",0.087,-0.058,-0.049,-0.073,-0.021,0.113,0.003,-0.005,-0.06,-0.08,-0.011,0.061,-0.027,0.073,-0.083,-0.032,-0.031,-0.101,-0.049,0.026,-0.067,0,0.014,-0.032,0.008,0.017,-0.003,-0.039,-0.055,-0.017,-0.015,-0.067,-0.039,-0.015,0.041,0.101,0.022,-0.019,-0.053,-0.029,-0.089,-0.056,-0.085,-0.01,-0.01,-0.09,-0.089,-0.014,-0.061,-0.017,-0.068,-0.149,-0.031,-0.009,-0.063,-0.07,-0.02,-0.03,0.029,0.091,0.175,-0.036,0.029,-0.098,-0.095,0.088,-0.02,-0.029,-0.092,0.132,0.026,0.002,-0.024,-0.01,-0.044,-0.052,-0.096,-0.164,-0.063,-0.115,0.006,-0.06,-0.056,-0.186,-0.048,-0.129,-0.088,0,0.031,0.028,-0.095,-0.063,0.104,-0.047,-0.011,0.005,0.051,0.072,-0.011,-0.029,-0.074,0.008,0.076,-0.003,-0.022
"AGGRESS2",-0.014,-0.076,-0.087,-0.022,-0.11,0.071,-0.04,-0.07,-0.141,-0.093,-0.06,0.064,-0.1,0.022,-0.054,0.042,0.047,-0.121,-0.047,-0.001,-0.014,-0.063,-0.064,-0.038,-0.033,-0.036,-0.028,-0.063,-0.094,0.001,-0.083,-0.029,-0.106,-0.124,0.11,0.075,0.054,-0.059,-0.021,0,-0.163,-0.063,-0.072,-0.065,0.012,-0.036,-0.071,-0.022,-0.022,0.005,-0.054,-0.06,-0.084,-0.023,-0.032,-0.041,-0.038,-0.1,-0.014,-0.013,0.203,-0.088,-0.029,-0.119,-0.1,0.085,0.017,-0.079,-0.106,-0.021,0.1,0.038,0.1,0.054,-0.002,-0.009,0.04,-0.013,0.033,-0.011,0.089,0.001,-0.033,-0.038,-0.013,0.223,0.071,0.031,0,-0.074,-0.065,0.039,0.013,0.007,0.09,0.154,-0.01,-0.018,-0.086,-0.107,-0.071,0.171,-0.018,0.155,-0.084
"AGGRESS3",0.112,0.017,0.022,0.028,0.036,0.11,0.027,0.06,0.019,0.032,-0.015,0.071,0.005,0.01,-0.126,-0.032,-0.047,-0.113,-0.078,-0.006,-0.093,0.061,0.005,0.009,0.032,0.028,-0.018,0.007,-0.021,0.022,0.006,-0.031,0.172,0.082,0.017,0.151,0.01,0.03,-0.033,-0.01,-0.032,0.008,-0.072,0.047,0.028,-0.064,-0.019,-0.013,-0.051,0.002,0.034,-0.073,-0.011,0.035,-0.011,-0.033,0.006,-0.005,0.093,0.065,0.14,0.004,0.104,-0.017,-0.002,0.113,-0.011,0.019,-0.052,-0.045,-0.015,-0.078,-0.035,-0.065,-0.011,-0.066,-0.049,-0.068,-0.101,-0.104,-0.049,-0.003,0.009,-0.044,-0.01,-0.854,-0.097,0.028,-0.074,0,-0.046,-0.077,-0.051,-0.076,-0.082,-0.099,-0.021,-0.052,-0.036,-0.086,-0.066,-0.05,-0.026,-0.093,0.034
"AGGRESS4",0.057,-0.038,-0.035,-0.004,-0.121,0.037,-0.046,-0.008,-0.099,-0.066,-0.048,0.09,-0.111,0.02,-0.029,0.052,0.022,-0.101,-0.052,-0.003,-0.034,0.036,-0.054,-0.056,-0.01,-0.051,-0.008,-0.059,0.006,-0.016,-0.057,-0.037,-0.033,-0.031,-0.016,0,-0.078,-0.006,-0.026,-0.043,-0.067,-0.032,0.008,-0.044,0.147,0.025,-0.034,-0.026,-0.055,-0.009,0.042,-0.009,-0.037,-0.04,0.014,-0.005,-0.001,-0.058,0.011,0.055,0.012,0,0.058,-0.022,-0.053,0.073,0.066,-0.032,0.008,-0.111,-0.031,0.002,-0.008,-0.007,-0.044,-0.038,0.076,-0.01,0.061,0.064,0.025,-0.003,0.003,-0.1,-0.077,0.194,0.128,-0.095,-0.065,-0.046,0,0.207,-0.061,-0.037,-0.013,-0.026,-0.038,-0.128,-0.101,-0.15,-0.103,-0.069,-0.046,-0.054,-0.117
"AGGRESS5",0.018,-0.071,-0.047,-0.059,-0.143,0.059,-0.064,-0.06,-0.135,-0.122,-0.098,0.076,-0.144,0.018,-0.029,0.039,0.009,-0.11,-0.069,-0.023,-0.028,-0.02,-0.096,-0.084,-0.003,-0.053,-0.034,-0.064,0.016,-0.039,-0.087,-0.012,-0.067,-0.091,0.023,0.041,-0.039,-0.042,-0.049,-0.043,-0.1,-0.055,-0.023,-0.074,0.031,0.021,-0.086,-0.016,-0.006,0.04,0.026,0.015,-0.065,-0.053,0.017,-0.01,-0.034,-0.093,-0.004,0.004,0.073,-0.058,0.011,-0.069,-0.082,0.073,0.022,-0.086,-0.036,0.027,0.016,0.017,-0.018,0.014,-0.044,-0.043,0.045,0.068,0.096,0.073,0.053,-0.034,0.037,-0.118,-0.002,0.178,0.161,-0.063,0.039,-0.077,0.207,0,-0.013,-0.049,0.041,0.084,0.003,-0.116,-0.101,-0.165,-0.086,-0.003,-0.035,0.043,-0.101
"AGGRESS6",0.009,-0.048,-0.096,-0.105,-0.12,0.073,-0.036,-0.043,-0.086,-0.132,-0.066,0.028,-0.113,-0.003,-0.095,0.004,-0.013,-0.112,-0.085,-0.032,-0.076,0.001,-0.008,-0.061,-0.004,-0.032,-0.03,-0.068,-0.04,0,-0.052,-0.031,-0.077,-0.083,0.025,0.035,-0.049,-0.054,-0.103,-0.052,-0.118,-0.057,-0.06,-0.083,-0.043,-0.088,-0.118,-0.006,-0.079,0.03,-0.091,-0.109,-0.054,-0.03,-0.071,-0.113,-0.03,-0.046,0.051,0.056,0.098,-0.034,0.033,-0.097,-0.118,0.088,0.02,-0.017,-0.109,-0.056,0.091,0.144,-0.041,0.071,-0.107,-0.018,-0.02,-0.091,0.04,-0.044,0.013,-0.069,-0.038,-0.121,-0.034,0.18,-0.053,0.104,0.013,-0.051,-0.061,-0.013,0,0.114,-0.053,0.025,0,0.002,-0.101,-0.085,-0.098,-0.021,0.031,-0.015,-0.073
"AGGRESS7",-0.04,-0.079,-0.018,-0.078,-0.223,-0.048,-0.077,-0.076,-0.161,-0.145,-0.163,0.011,-0.195,-0.014,-0.063,-0.019,-0.048,-0.214,-0.124,-0.076,-0.101,-0.006,-0.103,-0.078,-0.016,-0.109,-0.051,-0.148,-0.022,-0.061,-0.133,-0.045,-0.074,-0.097,0.143,-0.075,-0.022,-0.075,0.013,0.039,-0.069,-0.053,-0.029,-0.027,-0.023,0.003,-0.036,-0.054,-0.041,0.021,-0.012,-0.013,-0.079,-0.109,-0.007,-0.041,-0.017,-0.093,0.043,0.066,0.069,0.1,0.146,-0.028,-0.062,0.132,0.208,0.08,-0.026,-0.006,0.058,0.175,0.163,0.073,0.006,-0.069,0.063,-0.025,0.015,0.078,0.054,-0.054,-0.003,0.063,0.002,-0.826,0.006,-0.047,0.007,-0.076,-0.037,-0.049,0.114,0,0.08,-0.046,-0.11,-0.123,-0.158,-0.209,-0.081,-0.009,-0.091,-0.043,-0.078
"AGGRESS8",0.023,-0.073,0.045,-0.069,-0.148,-0.019,-0.078,-0.05,-0.143,-0.124,-0.133,0.036,-0.151,-0.031,-0.001,-0.022,-0.001,-0.143,-0.095,-0.012,-0.048,0.027,-0.055,-0.076,-0.049,-0.039,0.004,-0.095,-0.047,-0.013,-0.092,0.021,-0.096,-0.094,0.177,0.049,0.063,0.024,0.127,0.081,-0.04,-0.082,-0.004,-0.055,0.047,0.025,-0.087,-0.026,0.069,0.061,0.005,0.001,-0.04,-0.068,0.005,-0.071,0,-0.05,-0.037,-0.034,0.101,-0.035,0.014,-0.091,-0.087,0.089,0.036,-0.074,-0.043,0.104,0.026,0.045,0.163,0.023,-0.012,0.04,0.005,0.037,0.004,0.072,0.072,0.016,0.007,-1.021,-0.026,0.293,0.067,-0.011,0.09,-0.082,-0.013,0.041,-0.053,0.08,0,0.165,0.009,-0.099,-0.117,-0.163,-0.08,0.066,-0.019,0.105,-0.065
"AGGRESS9",-0.016,-0.063,-0.005,-0.063,-0.106,0.064,-0.029,-0.061,-0.092,-0.086,-0.046,0.061,-0.097,0.001,-0.018,0.077,0.012,-0.082,-0.083,0.004,-0.006,-0.007,-0.05,-0.068,-0.033,-0.061,-0.039,-0.064,-0.096,-0.032,-0.093,0.001,-0.115,-0.057,0.1,0.013,0.041,-0.044,-0.034,-0.008,-0.119,-0.077,-0.013,-0.093,0.059,-0.057,-0.09,0.026,0.021,0.006,-0.022,-0.026,-0.036,-0.067,-0.031,-0.037,-0.03,-0.088,-0.025,-0.049,0.086,-0.112,-0.034,-0.11,-0.11,0.112,-0.009,-0.084,-0.056,0.161,0.021,0.024,-0.029,-0.009,-0.049,0.044,-0.004,-0.047,-0.018,-0.039,0.069,-0.06,-0.001,0.139,0.062,0.391,0.029,0.005,0.154,-0.099,-0.026,0.084,0.025,-0.046,0.165,0,0.053,-0.013,-0.063,-0.087,-0.088,0.064,0.089,0.172,-0.09
"AGGRESS10",0.203,-0.005,-0.014,-0.021,-0.043,0.111,-0.025,0.046,-0.025,-0.028,-0.024,0.09,-0.06,0.051,-0.018,0.053,0.062,-0.068,-0.014,0.009,-0.018,0.026,-0.006,0.022,0.074,-0.017,-0.002,-0.045,0.018,-0.013,-0.024,0,-0.01,-0.061,0.021,0.071,0.003,-0.025,-0.023,-0.037,-0.059,-0.018,-0.017,-0.076,0.016,-0.025,-0.042,-0.022,0.015,-0.007,0.012,0.009,-0.014,-0.009,0.032,-0.017,-0.023,-0.037,0.014,-0.028,0.008,-0.084,-0.01,-0.035,-0.107,0.049,0.004,-0.076,-0.034,-0.048,-0.016,-0.05,-0.062,-0.054,-0.049,0.044,-0.039,0.012,-0.045,-0.067,0.065,-0.002,-0.016,-0.147,0.043,0.267,-0.033,0.051,-0.01,-0.021,-0.038,0.003,0,-0.11,0.009,0.053,0,0.001,-0.015,-0.054,-0.036,0.001,0.126,0.032,0.054
"AGGRESS11",0.026,-0.008,-0.018,-0.044,0.05,0.087,0.058,0.044,0.011,-0.002,0.064,0.101,0.046,0.058,0.03,0.067,0.061,0.003,0.018,0.114,0.051,0.056,0.06,0.016,0.034,0.055,0.035,0.014,-0.023,0.033,0.026,-0.028,-0.062,-0.036,0.001,0.054,0.01,-0.012,-0.08,-0.028,-0.055,-0.051,-0.093,-0.037,-0.02,-0.121,-0.079,0.025,-0.052,-0.001,-0.045,-0.11,-0.014,0.024,-0.007,-0.033,0.008,0.012,-0.037,0.023,0.06,-0.085,-0.043,-0.11,-0.043,0.064,-0.022,-0.034,-0.043,-0.064,-0.021,-0.057,-0.066,-0.057,-0.044,0.005,-0.094,-0.208,-0.08,-0.112,-0.017,-0.137,-0.039,-0.095,-0.097,0.363,-0.109,0.072,-0.018,-0.052,-0.128,-0.116,0.002,-0.123,-0.099,-0.013,0.001,0,0.093,0.074,-0.062,-0.022,0.08,-0.056,-0.077
"AGGRESS12",0.142,0.021,0.038,0.055,0.066,0.138,0.101,0.067,0.035,0.039,0.073,0.147,0.072,0.124,0.037,0.094,0.073,0.02,0.031,0.163,0.053,0.068,0.028,0.074,0.118,0.054,0.048,0.045,0.072,0.031,0.022,-0.008,0.028,0.023,-0.025,0.068,0.045,-0.032,-0.047,-0.044,-0.035,-0.015,-0.052,0.014,0.081,0.013,-0.026,-0.014,-0.056,-0.055,0.002,0.011,-0.013,0.03,0.045,0.036,-0.011,0.021,-0.023,0.029,0.017,-0.069,-0.025,-0.02,-0.018,0.022,-0.028,-0.037,0.005,0.075,-0.065,-0.134,-0.081,-0.107,-0.042,0.012,-0.137,-0.145,-0.14,-0.141,-0.047,-0.101,-0.002,-0.025,0.008,0.209,-0.116,-0.011,-0.086,-0.036,-0.101,-0.101,-0.101,-0.158,-0.117,-0.063,-0.015,0.093,0,0.052,-0.022,-0.089,0.024,-0.09,-0.073
"AGGRESS13",0.152,0.034,0.04,0.047,0.09,0.17,0.153,0.074,0.075,0.097,0.13,0.072,0.097,0.16,0.061,0.104,0.099,0.073,0.111,0.205,0.111,0.063,0.071,0.057,0.143,0.073,0.051,0.068,0.055,0.035,0.071,0.039,-0.003,0.082,-0.02,0.104,0.087,-0.01,-0.013,-0.002,-0.047,-0.032,-0.064,-0.023,-0.011,-0.093,-0.049,0.013,-0.09,-0.052,-0.06,-0.081,-0.046,0.041,-0.003,0.004,-0.002,-0.007,0.022,0.003,0.037,-0.108,-0.082,0.025,-0.016,-0.008,-0.023,-0.065,0.007,-0.18,-0.098,-0.144,-0.147,-0.097,-0.086,-0.075,-0.157,-0.145,-0.128,-0.162,-0.1,-0.16,-0.006,0.074,0.023,0.124,-0.143,-0.029,-0.107,-0.086,-0.15,-0.165,-0.085,-0.209,-0.163,-0.087,-0.054,0.074,0.052,0,0.057,-0.081,0,-0.107,-0.108
"AGGRESS14",0.06,0.052,0.036,0.058,0.012,0.097,0.037,0.11,0.029,0.055,0.034,0.031,0.049,0.102,0.036,0.096,0.176,0.026,0.013,0.044,0.071,0.049,0.079,0.031,0.097,0.036,-0.01,-0.031,0.089,0.006,-0.033,-0.029,0.044,-0.002,0.031,0.111,0.115,-0.038,-0.01,0.009,-0.025,-0.036,-0.011,-0.013,-0.045,0.063,0.021,-0.072,-0.035,-0.075,0.022,0.057,0.025,0.055,0.087,0.121,-0.012,-0.033,0.006,-0.007,0.029,-0.079,-0.02,0.05,-0.046,0.026,0.013,-0.063,0.025,-0.12,0.01,-0.074,-0.055,0.025,-0.022,-0.037,0.019,-0.287,0.025,0.033,0.041,-0.122,0.001,0.014,0.06,-0.748,0.03,-0.074,-0.071,-0.066,-0.103,-0.086,-0.098,-0.081,-0.08,-0.088,-0.036,-0.062,-0.022,0.057,0,-0.032,-0.066,-0.031,-0.061
"AGGRESS15",-0.01,-0.02,-0.084,-0.01,-0.062,0.03,-0.033,-0.036,-0.103,-0.023,-0.026,0.005,-0.05,0.008,-0.022,0.013,0.052,-0.095,-0.044,-0.038,-0.046,0.009,-0.038,-0.046,0.012,-0.001,-0.023,-0.056,-0.044,0.01,-0.029,0.045,-0.092,-0.063,0.049,0.078,0.022,-0.04,0.006,0.007,-0.051,-0.04,-0.036,-0.028,-0.121,-0.033,-0.052,0.03,-0.033,0.061,-0.017,-0.063,-0.019,0.002,-0.005,-0.007,0.054,-0.072,-0.056,0.004,0.215,-0.048,0.023,-0.062,-0.053,0.091,0.03,-0.024,-0.04,0.017,0.039,0.008,0.06,0.026,0.059,-0.014,0.029,0.111,0.007,-0.007,0.077,0.061,-0.038,-0.065,-0.047,-0.792,0.056,0.008,0.171,-0.05,-0.069,-0.003,-0.021,-0.009,0.066,0.064,0.001,-0.022,-0.089,-0.081,-0.032,0,-0.002,0.1,0.006
"AGGRESS16",0.107,-0.016,-0.022,-0.028,-0.009,0.117,0.024,0.034,-0.016,-0.007,-0.004,0.097,-0.018,0.031,-0.018,0.019,-0.008,-0.074,-0.018,0.049,-0.025,0.038,0.017,-0.025,0.039,-0.003,-0.016,-0.035,-0.014,-0.013,-0.015,-0.04,-0.046,-0.057,0.023,0.079,0.014,-0.037,-0.056,-0.044,-0.077,-0.053,-0.042,-0.049,0.045,-0.109,-0.056,-0.018,-0.023,-0.004,-0.016,-0.105,-0.025,-0.007,-0.028,-0.087,0.009,0.008,-0.001,-0.014,0.061,-0.075,-0.019,-0.107,-0.092,0.07,-0.018,-0.052,-0.045,0.019,-0.027,-0.031,-0.075,-0.077,-0.097,-0.006,-0.05,-0.187,-0.094,-0.134,0.041,-0.052,-0.01,-0.073,-0.035,0.014,-0.089,0.076,-0.018,-0.026,-0.046,-0.035,0.031,-0.091,-0.019,0.089,0.126,0.08,0.024,0,-0.066,-0.002,0,0.062,-0.044
"AGGRESS17",-0.023,-0.054,-0.061,0.002,-0.127,0.062,-0.014,-0.055,-0.094,-0.09,-0.047,0.123,-0.072,0.029,-0.001,0.028,0.01,-0.135,-0.041,0.007,-0.01,0.006,-0.035,-0.066,-0.02,-0.028,-0.022,-0.085,-0.06,-0.026,-0.085,-0.024,-0.119,-0.097,0.083,0.033,0.057,-0.088,-0.067,-0.04,-0.123,-0.075,-0.087,-0.054,0.034,-0.002,-0.074,0.002,0.036,0.056,-0.049,-0.008,0.006,-0.032,0.015,-0.025,-0.013,-0.041,-0.046,-0.019,0.123,-0.114,-0.073,-0.149,-0.131,0.078,0.028,-0.089,-0.101,0.026,0.013,0.014,-0.014,-0.007,-0.012,0.026,0,0.023,0.032,-0.005,0.122,0.07,-0.028,0.014,0.022,0.422,0.032,-0.003,0.155,-0.093,-0.054,0.043,-0.015,-0.043,0.105,0.172,0.032,-0.056,-0.09,-0.107,-0.031,0.1,0.062,0,-0.053
"AGGRESS18",0.061,-0.013,-0.035,-0.03,-0.044,0.026,-0.01,0.041,-0.023,0.024,-0.035,0.075,0.004,-0.006,-0.055,-0.045,-0.047,-0.168,0.041,0.024,-0.047,0.066,0.038,0.018,0.052,0.068,0.01,0.014,0.002,0.068,-0.014,0.031,-0.007,0,-0.008,0.029,-0.031,0.068,0.003,-0.004,0.08,0.038,0.027,0.043,-0.047,0.04,0.06,0.048,0.057,-0.019,0.035,0.016,0.025,0.044,0.057,0.072,0.043,0.044,0.07,0.05,0.128,0.05,0.157,0.016,0.001,0.137,0.019,0.072,0.018,-0.289,-0.047,-0.069,-0.049,-0.076,0.008,-0.084,-0.1,-0.03,-0.094,-0.099,-0.028,0.023,-0.04,-1.08,-0.011,0.264,-0.036,-0.022,-0.084,0.034,-0.117,-0.101,-0.073,-0.078,-0.065,-0.09,0.054,-0.077,-0.073,-0.108,-0.061,0.006,-0.044,-0.053,0
